,entity_id,[0-3],[12-15],[16-19],[20-23],[4-7],[8-11],Restaurants,Shopping centres,Shops,Fairs and Markets,Petrol station,Cafes,Hotels,Wine Cellars & Quintas,Museums & Thematic Centres,Local accommodations,Fado houses,Religious temples,Tea house,Police stations and fire station,"Libraries, archives and documentation centres",Guest houses,Youth hostels,Club,Bar,"Statues, Sculptures & Fountains",Bridges,Monuments,"Casinos, bingo and arcade",Exhibition centers & art galleries,"Hospitals, health centres and clinics",Gardens and Parks,Concert halls,Car assistance,Embassies and consulates,Tourism offices,Rentals,Theatres,Tourist apartments,"Airports, Airfields and Heliports","Spas, saunas and hot springs",Pharmacies,Post offices,Beaches,Car park,Cemeteries,Transport company,Sports facility,View points,Cinema,Citizens advice,Roads and squares,Ice cream parlor,Education,Services
0,CT10Z2,0.06070904917092332,0.17097222450656094,0.17689273034277003,0.12843256089273647,0.06645822338835922,0.16728431332516047,0.7784453653403659,0.7663348042071384,0.7059770325160043,0.8615070860748077,0.7625862357262301,0.8449504736647417,0.771439654035132,0.0,0.5867876786826429,0.7483663285007046,0.0,0.7396512958847377,0.0,0.6721398057493213,0.7690163589009364,0.70365699623295,0.6569759585903938,0.8679758614668869,0.5378151942210772,0.6010785950989318,0.9709290059995136,0.6282448864793393,0.0,0.6059901396271371,0.4798643732484256,0.7114999678972362,0.7060700592445776,0.6144618545247549,0.3852356612206768,0.0,0.6842383564842015,0.8389295619433306,0.634432389568694,0.0,0.8073449164216242,0.800899715878845,0.8161873294388782,0.0,0.5600736405752124,0.7936726308206532,0.7577123353550765,0.6394557730633523,0.6597426594605862,0.0,0.8786602049940826,0.7148416235355517,0.8790591292135999,0.69173644718009,0.9168301881558234
1,CT10Z3,0.08365723918679062,0.29223690292678367,0.2809838148429009,0.17241457490151063,0.15946820429074296,0.34995590398638676,0.8083155113490472,0.7663348042071384,0.8404029403644178,0.9352981725663936,0.59048653531861,0.9269970628814174,0.9276214742747984,0.0,0.6279234207230632,0.8921346808970494,0.0,0.6818456255519656,0.7582770771044296,0.9227137594045369,0.6269620989119139,0.7861094722127778,0.8419755243578473,0.9640070359617317,0.8802005577768031,0.7786731734821418,0.0,0.6073557426663909,0.0,0.6941396896693038,0.7265250662901479,0.6052804004290584,0.8657513250608071,0.8170459762141051,0.5425109682836624,0.0,0.7276009691288996,0.9141095676731372,0.634432389568694,0.0,0.5591489208916905,0.9032926773227904,1.0,0.0,0.7854573083167586,0.5336793821405685,0.5920261519508633,0.4920311079189424,0.57762279715789,1.0,0.8786602049940826,0.8385191787754438,0.9559140281391526,1.0000000000000002,0.9654902752576572
2,CT10Z4,0.06300134923359073,0.3223467665688397,0.35791094083380937,0.19033832454409355,0.0640627324451969,0.27270551380204566,0.5291949983942352,0.8958549653703942,0.41081772240338776,0.5119298703930664,0.59048653531861,0.4347321655076556,0.519274700857808,0.0,0.5867876786826429,0.2858783155146808,0.0,0.4081783969744284,0.6083019297875242,0.0,0.7069843474109561,0.3480584601620929,0.3950115486675549,0.0,0.3744242991915989,0.3831360590451885,0.0,0.40402598294315584,1.0,0.4501863201201385,0.154295899716664,0.36612939497019625,0.4970752568622038,0.501913996977768,1.0,0.0,0.4624779591891003,0.0,0.471329101391097,0.0,0.6933609615051988,0.40795306613654203,0.6281348274656112,0.0,0.5193898570487193,0.5336793821405685,0.32875681328018025,0.4920311079189424,0.0,0.8912624505747451,0.5332775262994239,0.4822800973705745,0.0,0.5215713996244821,0.0
3,CT10Z5,0.039921877837978355,0.3335320828133012,0.2712240562600842,0.16076791126804135,0.16918268924125074,0.3486025806900139,0.4673039256611716,0.8958549653703942,0.3868720660362744,0.5119298703930664,0.4003897078523811,0.4347321655076556,0.4229484045891912,0.0,0.6948886616994506,0.2858783155146808,0.0,0.5285178057343938,0.6083019297875242,0.0,0.8203796574436283,0.0,0.0,0.0,0.29592808497933004,0.43356083561659975,0.9366664269709216,0.4965652681664754,0.0,0.7920130313476322,0.154295899716664,0.6052804004290584,0.7060700592445776,0.501913996977768,0.7616392520099136,0.0,0.3828989714113341,0.5460719120052526,0.5655501883954692,0.0,0.38624462782318175,0.2765988032515416,0.43422350020725387,0.0,0.5600736405752124,0.7936726308206532,0.32875681328018025,0.3139449181142961,0.7242611910460774,0.8912624505747451,0.0,0.5739856167982562,0.0,0.7570198105000773,0.0
4,CT10Z8,0.13421479932970892,0.313973403124191,0.30371590835731055,0.2389591084666728,0.16547672763820187,0.3085584831915361,0.4808028937235666,0.7663348042071384,0.278303801041661,0.5119298703930664,0.59048653531861,0.0,0.4500260745431408,0.0,0.5373218395267578,0.0,0.0,0.4081783969744284,0.4164968797107407,0.0,0.5080108692258151,0.3480584601620929,0.0,0.0,0.3744242991915989,0.3086211707748111,0.0,0.40402598294315584,1.0,0.4501863201201385,0.154295899716664,0.22123361712143125,0.4970752568622038,0.3772902888058338,0.8491132138759051,0.0,0.3828989714113341,0.0,0.0,0.0,0.5591489208916905,0.4657836271616805,0.8161873294388782,0.0,0.3695876815289153,0.5336793821405685,0.32875681328018025,0.6394557730633523,0.0,0.0,0.0,0.4822800973705745,0.0,0.0,0.0
5,CT10Z9,0.09382473719674052,0.2772800047252143,0.2790443271478678,0.2078419403898895,0.09548873069260758,0.25961916191282836,0.453117665934764,0.0,0.25781881010348706,0.0,0.7625862357262301,0.0,0.5767156051814188,0.0,0.3804449663719556,0.6593308340759279,0.0,0.4081783969744284,0.4164968797107407,0.6721398057493213,0.0,0.5376348823125965,0.5106881540333389,0.0,0.5378151942210772,0.6010785950989318,0.0,0.40402598294315584,0.0,0.4501863201201385,0.4798643732484256,0.4913455350449753,0.4970752568622038,0.501913996977768,0.3852356612206768,0.0,0.4624779591891003,0.0,0.2961115336107552,0.0,0.38624462782318175,0.7138449861875106,0.8161873294388782,0.0,0.4750158067309167,0.5336793821405685,0.546436384539879,0.6394557730633523,0.4581038752925969,0.0,0.0,0.0,0.0,0.5215713996244821,0.0
6,CT11Z1,0.15620684843497545,0.27073735139392713,0.2975079522402884,0.23858053280537989,0.11273536861849065,0.2583651151785267,0.8359371504982832,0.7663348042071384,0.8064007830915383,0.8615070860748077,0.7625862357262301,0.88902001959852,0.8740599094052662,0.0,0.7490762739886335,0.8454765933104879,0.9516487811553824,0.8136425830485094,0.4164968797107407,0.9227137594045369,0.7069843474109561,0.7861094722127778,0.8028798543616625,0.8679758614668869,0.6724593621812632,0.7786731734821418,0.9885112861272406,0.7125541104319171,0.0,0.6372370997851189,0.4798643732484256,0.7114999678972362,0.7060700592445776,0.6144618545247549,0.3852356612206768,0.9365838054292772,0.7276009691288996,0.8789880244352815,0.7372609574909066,0.0,0.8073449164216242,0.821899634681619,0.8161873294388782,0.0,0.6666500157759387,0.7936726308206532,0.7836854938226865,0.4920311079189424,0.7242611910460774,0.8912624505747451,0.8786602049940826,0.8568055616826337,0.9559140281391526,0.69173644718009,0.9654902752576572
7,CT11Z2,0.2952341040112903,0.5361490330476785,0.5380468409908349,0.4549809610218305,0.31660110079055365,0.537543229162583,0.840347981449728,0.7663348042071384,0.761772590698136,0.8615070860748077,0.7625862357262301,0.8604559978004206,0.8833373660929404,0.0,0.6279234207230632,0.8576270003526144,0.0,0.7657491330510203,0.4164968797107407,0.9227137594045369,0.7069843474109561,0.7861094722127778,0.8028798543616625,0.8679758614668869,0.6539752025985861,0.7230272531649138,0.9709290059995136,0.6282448864793393,0.0,0.6059901396271371,0.5677256722193874,0.7114999678972362,0.7060700592445776,0.7188058441423104,0.3852356612206768,0.9365838054292772,0.8061683877031055,0.8389295619433306,0.7222650016966011,0.0,0.8073449164216242,0.8426259291672386,0.8161873294388782,0.0,0.6983711314789911,0.7936726308206532,0.8532687187151866,0.6394557730633523,0.6597426594605862,0.8912624505747451,0.8786602049940826,0.8186778959847947,0.9559140281391526,0.69173644718009,0.9654902752576572
8,CT11Z3,0.15015763031005425,0.2395496994761204,0.24922402602938687,0.20465641017342795,0.0955882577442044,0.21116715756614945,0.9970596237540276,0.8958549653703942,0.9895375984969444,1.0,0.4983336731541304,0.9906024513719964,1.0,0.9953081855915852,0.9617620105675956,1.0,1.0,1.0,0.7582770771044296,1.0,1.0,0.9740173153481684,0.9721262050736348,0.9640070359617317,0.992463939563112,1.0,0.9709290059995136,0.9819099308157424,0.0,0.8352377592537349,0.6495452369600349,0.7114999678972362,1.0,0.7188058441423104,1.0,1.0,1.0,0.9739361704656916,0.9609876937166356,1.0,0.8073449164216242,0.9032926773227904,0.6281348274656112,0.0,0.9786288213551028,0.0,0.9320799152127148,0.4920311079189424,0.938570554180026,1.0,0.8786602049940826,1.0,1.0,0.9587181136295552,1.0
9,CT11Z4,0.11092997353700916,0.5226923160838588,0.5118359010473037,0.32833104622252984,0.11816388080254112,0.46771138871139406,0.5178336112908686,0.8958549653703942,0.41081772240338776,0.5119298703930664,0.6782726419440781,0.4347321655076556,0.4978089568767414,0.0,0.5373218395267578,0.2858783155146808,0.0,0.4750134096433956,0.6083019297875242,0.0,0.7069843474109561,0.5376348823125965,0.5106881540333389,0.0,0.4285371507672465,0.3831360590451885,0.0,0.40402598294315584,1.0,0.4955196704218486,0.2775376108865744,0.22123361712143125,0.4970752568622038,0.501913996977768,1.0,0.0,0.4624779591891003,0.0,0.471329101391097,0.0,0.5591489208916905,0.40795306613654203,0.6281348274656112,0.0,0.5193898570487193,0.5336793821405685,0.32875681328018025,0.4920311079189424,0.0,0.8912624505747451,0.5332775262994239,0.4822800973705745,0.0,0.5215713996244821,0.0
10,CT11Z5,0.06550746870266251,0.2769642322336656,0.2575095105998792,0.19235089477336048,0.11145324669183217,0.27630640864936695,0.4673039256611716,0.8958549653703942,0.3868720660362744,0.5119298703930664,0.4003897078523811,0.4347321655076556,0.4229484045891912,0.0,0.6948886616994506,0.2858783155146808,0.0,0.5285178057343938,0.6083019297875242,0.0,0.8203796574436283,0.0,0.0,0.0,0.29592808497933004,0.43356083561659975,0.9366664269709216,0.45612692218784495,0.0,0.7920130313476322,0.154295899716664,0.6052804004290584,0.7060700592445776,0.501913996977768,0.7616392520099136,0.0,0.3828989714113341,0.5460719120052526,0.5655501883954692,0.0,0.38624462782318175,0.2765988032515416,0.43422350020725387,0.0,0.5600736405752124,0.7936726308206532,0.32875681328018025,0.3139449181142961,0.7242611910460774,0.0,0.0,0.5739856167982562,0.0,0.7570198105000773,0.0
11,CT11Z8,0.15720294987741285,0.5987748899017706,0.5840570125269207,0.4063075064763422,0.21379621589343945,0.5949118918696898,0.5291949983942352,0.8958549653703942,0.3308361507257659,0.5119298703930664,0.59048653531861,0.4347321655076556,0.4748320162145512,0.0,0.5373218395267578,0.0,0.0,0.4081783969744284,0.4164968797107407,0.0,0.5080108692258151,0.3480584601620929,0.0,0.0,0.3744242991915989,0.3086211707748111,0.0,0.40402598294315584,1.0,0.4501863201201385,0.2775376108865744,0.22123361712143125,0.4970752568622038,0.3772902888058338,0.9278526496321108,0.0,0.3828989714113341,0.0,0.2961115336107552,0.0,0.5591489208916905,0.4657836271616805,0.6281348274656112,0.0,0.4750158067309167,0.5336793821405685,0.32875681328018025,0.6394557730633523,0.0,0.0,0.0,0.4822800973705745,0.0,0.0,0.0
12,CT11Z9,0.0777349134703772,0.24748545798860075,0.23408324355600377,0.17385005175944346,0.10414870580274832,0.25556268528074577,0.4673039256611716,0.0,0.3308361507257659,0.0,0.7625862357262301,0.0,0.5767156051814188,0.0,0.3804449663719556,0.6593308340759279,0.0,0.4081783969744284,0.4164968797107407,0.6721398057493213,0.0,0.6014073217068243,0.5106881540333389,0.0,0.5378151942210772,0.6010785950989318,0.0,0.40402598294315584,0.0,0.4501863201201385,0.5677256722193874,0.4913455350449753,0.4970752568622038,0.501913996977768,0.3852356612206768,0.0,0.5284696059945277,0.0,0.2961115336107552,0.0,0.38624462782318175,0.6912226500263796,0.8161873294388782,0.0,0.4750158067309167,0.5336793821405685,0.546436384539879,0.6394557730633523,0.4581038752925969,0.0,0.0,0.0,0.0,0.5215713996244821,0.0
13,CT12Z1,0.04113963556562766,0.1310854724981753,0.12674034601002213,0.09851544139285992,0.04608509833124777,0.13123085524117434,0.8490173783536858,0.7663348042071384,0.8510181336229162,0.9352981725663936,0.6782726419440781,0.9148985720073296,0.9014545948901704,0.0,0.7729234817085341,0.8576270003526144,0.9782713555855894,0.8136425830485094,0.4164968797107407,0.9227137594045369,0.7069843474109561,0.8224871320585159,0.8419755243578473,0.9640070359617317,0.8036492113545575,0.8256846061484704,0.9885112861272406,0.7767449160367252,0.0,0.6059901396271371,0.38414049092067815,0.7114999678972362,0.7060700592445776,0.6144618545247549,0.3852356612206768,0.9781617597333156,0.8061683877031055,0.8789880244352815,0.7516152891167217,0.0,0.8073449164216242,0.800899715878845,0.8161873294388782,0.0,0.7286309120562146,0.7936726308206532,0.8312790348078536,0.4920311079189424,0.8250144820434531,1.0,1.0,0.8737849121172843,1.0,0.9145270021478908,0.9654902752576572
14,CT12Z2,0.12543353813323727,0.5570378216183924,0.545699659523463,0.357792204767564,0.1676954271547768,0.577736459527717,0.8738964557691095,0.7663348042071384,0.8294455597536928,0.9352981725663936,0.7625862357262301,0.9148985720073296,0.9190267311438122,0.0,0.6634448752181514,0.8921346808970494,0.9516487811553824,0.7396512958847377,0.4164968797107407,0.9227137594045369,0.7069843474109561,0.8224871320585159,0.8419755243578473,0.9212017940733644,0.7913114230364992,0.8256846061484704,0.9366664269709216,0.6977293584909142,0.0,0.6665192279073766,0.4798643732484256,0.6052804004290584,0.7060700592445776,0.7188058441423104,0.5425109682836624,0.9365838054292772,0.8765131395706526,0.8789880244352815,0.7653908955184259,0.0,0.8073449164216242,0.8426259291672386,0.8161873294388782,0.0,0.7286309120562146,0.7936726308206532,0.8532687187151866,0.4920311079189424,0.6597426594605862,1.0,1.0,0.8737849121172843,1.0,0.9145270021478908,0.9654902752576572
15,CT12Z3,0.39108116971839035,0.547731245014455,0.5528618060767868,0.5129588370741002,0.37815531804982944,0.5395790066486952,1.0,0.8958549653703942,0.978769234989768,1.0,0.4983336731541304,0.9906024513719964,0.9767903638175026,0.9953081855915852,0.9340024623259008,0.9911489850339148,1.0,1.0,0.6083019297875242,1.0,0.9706008190382132,0.9740173153481684,0.9721262050736348,0.9640070359617317,0.9847983072349232,0.9607423751599348,0.9709290059995136,0.975677144799037,0.0,0.7920130313476322,0.6495452369600349,0.9078430533457936,1.0,0.501913996977768,1.0,1.0,1.0,0.9739361704656916,0.9609876937166356,1.0,0.8073449164216242,0.9230489649967508,0.6281348274656112,0.0,0.9567483611322248,0.0,1.0,0.4920311079189424,0.9703699358971868,1.0,1.0,0.9898015105497252,1.0,0.9587181136295552,1.0
16,CT12Z5,0.05569603888975135,0.24415120258750272,0.236353729956628,0.1562200331264017,0.059982699977754614,0.23869072946801687,0.5178336112908686,0.8958549653703942,0.41081772240338776,0.5119298703930664,0.4003897078523811,0.4347321655076556,0.4500260745431408,0.0,0.6634448752181514,0.2858783155146808,0.0,0.5285178057343938,0.4164968797107407,0.0,0.7690163589009364,0.0,0.0,0.0,0.3744242991915989,0.3831360590451885,0.9366664269709216,0.4965652681664754,1.0,0.7203320372785803,0.154295899716664,0.6052804004290584,0.7060700592445776,0.501913996977768,0.8491132138759051,0.0,0.3828989714113341,0.5460719120052526,0.5379934940772921,0.0,0.5591489208916905,0.2765988032515416,0.43422350020725387,0.0,0.5600736405752124,0.7936726308206532,0.32875681328018025,0.4920311079189424,0.6597426594605862,0.8912624505747451,0.0,0.4822800973705745,0.0,0.6155111892669061,0.0
17,CT12Z9,0.08330932924009113,0.21983817349952167,0.2306454791278262,0.15480381089866907,0.08824220676544485,0.2082342739689358,0.4808028937235666,0.0,0.3868720660362744,0.0,0.59048653531861,0.0,0.5767156051814188,0.0,0.3804449663719556,0.6790590610437137,0.0,0.4750134096433956,0.6083019297875242,0.6721398057493213,0.5080108692258151,0.70365699623295,0.7118626424434644,0.0,0.5378151942210772,0.6010785950989318,0.0,0.40402598294315584,0.0,0.4501863201201385,0.5677256722193874,0.6052804004290584,0.4970752568622038,0.7188058441423104,0.3852356612206768,0.0,0.5284696059945277,0.5460719120052526,0.2961115336107552,0.0,0.5591489208916905,0.6912226500263796,0.8161873294388782,0.0,0.5193898570487193,0.5336793821405685,0.546436384539879,0.6394557730633523,0.4581038752925969,0.0,0.0,0.0,0.0,0.6155111892669061,0.8335873056661877
18,CT13Z1,0.0397165591919123,0.13799155197607643,0.15129767825366466,0.1057353197545926,0.04034879457759374,0.12176756556397829,0.963255893691824,0.7663348042071384,0.946410835611942,1.0,0.59048653531861,0.9906024513719964,0.9688615464853156,0.9923682599442764,0.8713714613018315,0.9241322034291952,0.9782713555855894,0.8966500825460316,0.6083019297875242,0.9227137594045369,0.8645807454414274,0.8882424869882732,0.9113867285930805,1.0,0.9527229562193522,0.8743107322325057,0.9885112861272406,0.9065329245842674,0.0,0.6372370997851189,0.2775376108865744,0.6052804004290584,0.8657513250608071,0.501913996977768,0.3852356612206768,1.0,0.8422182351907141,0.9454928414254836,0.8702198442786404,1.0,0.9083168809685992,0.8426259291672386,0.8161873294388782,0.0,0.8382143027554928,0.5336793821405685,0.9320799152127148,0.4920311079189424,0.9703699358971868,1.0,1.0,0.9681570316984892,1.0,0.9145270021478908,0.9654902752576572
19,CT13Z2,0.05453471102782775,0.18106080834364388,0.1933373968441941,0.131344406034516,0.05449053084342569,0.17014290113314598,0.9084391951680354,0.7663348042071384,0.9064260060736165,1.0,0.7625862357262301,0.9809042531071636,0.9767903638175026,0.0,0.8158459041131483,0.9635825155070924,0.9782713555855894,0.8136425830485094,0.6083019297875242,0.9227137594045369,0.7069843474109561,0.8224871320585159,0.9426707400973812,1.0,0.8900002678978067,0.8817697995165951,0.9709290059995136,0.7767449160367252,0.0,0.7203320372785803,0.4798643732484256,0.7114999678972362,0.8657513250608071,0.6144618545247549,0.5425109682836624,0.9781617597333156,0.9406827057549738,0.9454928414254836,0.7653908955184259,0.0,0.8073449164216242,0.8833105612488079,0.8161873294388782,0.0,0.8382143027554928,0.7936726308206532,0.8532687187151866,0.4920311079189424,0.7242611910460774,1.0,1.0,0.9045481833423654,1.0,0.9145270021478908,0.9654902752576572
20,CT13Z3,0.1020165119946298,0.3134377156365512,0.3496132240629392,0.22951652149317125,0.0887763151613324,0.28664306151275964,0.9850855272436068,0.8958549653703942,0.9841928837182812,1.0,0.2940704090796349,0.9906024513719964,0.9608312065763752,1.0000000000000002,0.9876609572963636,0.9821343000528028,1.0,1.0,0.7582770771044296,1.0,1.0,0.8882424869882732,0.9426707400973812,0.9640070359617317,0.9847983072349232,0.9487257023588546,0.9709290059995136,0.9880387147460435,0.0,0.8557403363339119,0.6495452369600349,0.7114999678972362,0.8657513250608071,0.0,0.9278526496321108,1.0,0.8765131395706526,0.9739361704656916,0.9443477904810322,1.0,0.8073449164216242,0.800899715878845,0.43422350020725387,0.0,0.9786288213551028,0.0,0.8943090430264135,0.4920311079189424,0.938570554180026,1.0,0.7315741961238946,1.0,1.0,0.9587181136295552,1.0
21,CT13Z9,0.06782520321175574,0.2073714338667126,0.23504434037425145,0.14437560093512247,0.058763557662366586,0.18611805232416054,0.453117665934764,0.0,0.2353224421688355,0.0,0.7625862357262301,0.0,0.5767156051814188,0.0,0.3804449663719556,0.6593308340759279,0.0,0.4081783969744284,0.4164968797107407,0.6721398057493213,0.0,0.5376348823125965,0.5106881540333389,0.0,0.5378151942210772,0.6010785950989318,0.0,0.40402598294315584,0.0,0.3976344274097642,0.4798643732484256,0.4913455350449753,0.4970752568622038,0.501913996977768,0.3852356612206768,0.0,0.3828989714113341,0.0,0.2961115336107552,0.0,0.38624462782318175,0.7138449861875106,0.8161873294388782,0.0,0.4750158067309167,0.5336793821405685,0.546436384539879,0.6394557730633523,0.4581038752925969,0.0,0.0,0.0,0.0,0.5215713996244821,0.0
22,CT14Z1,0.03080118005528586,0.13305038165137922,0.14561753494645008,0.08870590409434437,0.042930189050774406,0.12830650531767837,0.8574923184210815,0.7663348042071384,0.8430878964291656,0.9352981725663936,0.6782726419440781,0.9148985720073296,0.8646280431234946,0.9766291862614556,0.7729234817085341,0.8576270003526144,0.9782713555855894,0.8358009345989593,0.4164968797107407,0.9227137594045369,0.7069843474109561,0.7861094722127778,0.8028798543616625,0.9212017940733644,0.7514979388582814,0.8168268854764879,1.0,0.7989144063628315,0.0,0.5358228536888652,0.2775376108865744,0.6052804004290584,0.7060700592445776,0.501913996977768,0.3852356612206768,0.9781617597333156,0.7680834281827942,0.8389295619433306,0.7372609574909066,1.0,0.8073449164216242,0.758018414028198,0.8161873294388782,0.0,0.6983711314789911,0.7936726308206532,0.7836854938226865,0.4920311079189424,0.904172607803522,0.8912624505747451,0.8786602049940826,0.8737849121172843,0.9559140281391526,0.69173644718009,0.9654902752576572
23,CT14Z2,0.1847580969897639,0.30459268936293166,0.2985785587234748,0.22566135985686783,0.1654582553181894,0.2805331832251177,0.7835977544644416,0.7663348042071384,0.7059770325160043,0.8615070860748077,0.7625862357262301,0.8449504736647417,0.771439654035132,0.0,0.5867876786826429,0.7638093859577675,0.0,0.7396512958847377,0.0,0.6721398057493213,0.7690163589009364,0.70365699623295,0.6569759585903938,0.8679758614668869,0.5378151942210772,0.6010785950989318,0.9709290059995136,0.6282448864793393,0.0,0.6059901396271371,0.4798643732484256,0.7114999678972362,0.7060700592445776,0.6144618545247549,0.3852356612206768,0.0,0.6842383564842015,0.8389295619433306,0.634432389568694,0.0,0.8073449164216242,0.7796113883064152,0.8161873294388782,0.0,0.5600736405752124,0.7936726308206532,0.7577123353550765,0.6394557730633523,0.6597426594605862,0.0,0.8786602049940826,0.7148416235355517,0.8790591292135999,0.69173644718009,0.9168301881558234
24,CT14Z3,0.0686247286955248,0.17823448060023703,0.19760763241232054,0.13568758809354373,0.05985259238827681,0.16462544453785283,0.991115785331278,0.8958549653703942,0.973264053832836,1.0,0.4003897078523811,1.0,0.9444517496644419,1.0000000000000002,1.0,0.9729482427361292,1.0,1.0,0.6083019297875242,1.0,1.0,0.918309822597582,0.9426707400973812,0.9640070359617317,0.9690557287032308,0.9425666475442339,0.9709290059995136,0.9819099308157424,0.0,0.7691337464977218,0.6495452369600349,0.6052804004290584,0.8657513250608071,0.0,0.9278526496321108,1.0,0.8765131395706526,0.9739361704656916,0.9443477904810322,1.0,0.8073449164216242,0.821899634681619,0.43422350020725387,0.0,0.9567483611322248,0.0,0.8943090430264135,0.4920311079189424,0.9703699358971868,1.0,0.7315741961238946,0.9791996462790404,1.0,0.9587181136295552,1.0
25,CT14Z9,0.21230447772163888,0.6614731786696674,0.6692916955656889,0.48420652601801545,0.22939992138581428,0.6279694259449219,0.4673039256611716,0.0,0.2353224421688355,0.0,0.59048653531861,0.0,0.5767156051814188,0.0,0.3804449663719556,0.6790590610437137,0.0,0.4081783969744284,0.4164968797107407,0.6721398057493213,0.0,0.6014073217068243,0.5920688257597423,0.0,0.5653772417434464,0.6010785950989318,0.0,0.40402598294315584,0.0,0.4501863201201385,0.4798643732484256,0.7114999678972362,0.4970752568622038,0.6144618545247549,0.5425109682836624,0.0,0.5284696059945277,0.5460719120052526,0.3746154598103584,0.0,0.5591489208916905,0.6447829540683743,0.8161873294388782,0.0,0.5193898570487193,0.5336793821405685,0.5920261519508633,0.7699396420111795,0.4581038752925969,0.0,0.0,0.0,0.0,0.6155111892669061,0.8335873056661877
26,CT15Z2,0.06271838005911962,0.20154589431478803,0.2073184077444162,0.1465682395019216,0.06790321970364202,0.17721096025060806,0.9084391951680354,0.7663348042071384,0.9064260060736165,1.0,0.7625862357262301,0.9809042531071636,0.9767903638175026,0.0,0.8158459041131483,0.9635825155070924,0.9782713555855894,0.8136425830485094,0.6083019297875242,0.9227137594045369,0.7069843474109561,0.8224871320585159,0.9426707400973812,1.0,0.8900002678978067,0.8743107322325057,0.9709290059995136,0.7767449160367252,0.0,0.7203320372785803,0.4798643732484256,0.7114999678972362,0.8657513250608071,0.6144618545247549,0.5425109682836624,0.9781617597333156,0.9092749213603276,0.9454928414254836,0.7786414118304701,0.0,0.8073449164216242,0.8833105612488079,0.8161873294388782,0.0,0.8382143027554928,0.7936726308206532,0.8532687187151866,0.4920311079189424,0.7242611910460774,1.0,1.0,0.9045481833423654,1.0,0.9145270021478908,0.9654902752576572
27,CT15Z3,0.10793227039818017,0.45129482261725495,0.44534809156975497,0.2838730043096057,0.16259608810678094,0.472917868693787,0.9193074530658921,0.7663348042071384,0.9173917275770821,0.9352981725663936,0.4003897078523811,0.9605120186327176,0.8740599094052662,0.998828768757704,0.9340024623259008,0.9030568444628606,1.0,0.9334146591742882,0.6083019297875242,0.9227137594045369,0.9386607823699528,0.918309822597582,0.7118626424434644,0.8679758614668869,0.8701531068453021,0.8890697342107317,0.9885112861272406,0.942794211397312,0.0,0.6059901396271371,0.2775376108865744,0.4913455350449753,0.8657513250608071,0.2313894168798517,0.8491132138759051,1.0,0.8061683877031055,0.9141095676731372,0.8996191859431217,1.0,0.6933609615051988,0.758018414028198,0.6281348274656112,0.0,0.7286309120562146,0.5336793821405685,0.9135623276643686,0.4920311079189424,0.9703699358971868,0.0,0.7315741961238946,0.9681570316984892,1.0,0.6155111892669061,0.9654902752576572
28,CT15Z9,0.3872117705765319,0.5476716144429743,0.5570939469748412,0.49953903069520517,0.34696443410111033,0.5251411812303003,0.5707420467752407,0.0,0.2971336705494215,0.0,0.9230644248980071,0.4347321655076556,0.5585653836959141,0.0,0.4738823837386251,0.6790590610437137,0.0,0.4750134096433956,0.4164968797107407,0.6721398057493213,0.0,0.5376348823125965,0.5920688257597423,0.6835517588989408,0.5903089601812805,0.5806793090219367,0.0,0.3267312574868675,0.0,0.3976344274097642,0.38414049092067815,0.7114999678972362,0.4970752568622038,0.9104844610500026,0.5425109682836624,0.0,0.5284696059945277,0.5460719120052526,0.5070088666630768,0.0,0.6933609615051988,0.6912226500263796,0.8161873294388782,0.0,0.4750158067309167,0.5336793821405685,0.5920261519508633,0.7699396420111795,0.4581038752925969,0.0,0.0,0.0,0.0,0.6155111892669061,0.8335873056661877
29,CT16Z2,0.05225432824806332,0.18130413929060718,0.1829798820283839,0.12789059576239434,0.05698745734629472,0.1713729813621804,0.9084391951680354,0.7663348042071384,0.8904767364279383,1.0,0.6782726419440781,0.9809042531071636,0.9688615464853156,0.0,0.8158459041131483,0.944275485002104,0.9782713555855894,0.8136425830485094,0.6083019297875242,0.9227137594045369,0.7069843474109561,0.8224871320585159,0.9426707400973812,1.0,0.8701531068453021,0.8890697342107317,0.9709290059995136,0.7989144063628315,0.0,0.6941396896693038,0.38414049092067815,0.7114999678972362,0.8657513250608071,0.6144618545247549,0.5425109682836624,0.9781617597333156,0.9092749213603276,0.9454928414254836,0.7786414118304701,0.0,0.8073449164216242,0.8426259291672386,0.8161873294388782,0.0,0.8382143027554928,0.7936726308206532,0.8532687187151866,0.4920311079189424,0.7782159096864816,1.0,1.0,0.9045481833423654,1.0,0.9145270021478908,0.9654902752576572
30,CT16Z3,0.2671414945353619,0.4989745586921875,0.5589042097774884,0.3808180246788427,0.22175412348637422,0.43310901379370365,0.5291949983942352,0.0,0.36042901742322936,0.0,0.8440368664924899,0.0,0.5940319256127564,0.0,0.3804449663719556,0.6977021703741256,0.0,0.4750134096433956,0.4164968797107407,0.6721398057493213,0.0,0.6557742139135876,0.5920688257597423,0.6835517588989408,0.6131480826315103,0.6010785950989318,0.0,0.40402598294315584,0.0,0.4501863201201385,0.38414049092067815,0.7114999678972362,0.4970752568622038,0.7188058441423104,0.5425109682836624,0.0,0.5859046016646617,0.5460719120052526,0.471329101391097,0.0,0.5591489208916905,0.6682112170217188,0.8161873294388782,0.0,0.5193898570487193,0.5336793821405685,0.546436384539879,0.7699396420111795,0.4581038752925969,0.0,0.0,0.0,0.0,0.6155111892669061,0.8335873056661877
31,CT17Z2,0.18520424300072405,0.42699414123605034,0.49205745282801716,0.39429888206334535,0.12742692486784118,0.3656190555501503,0.8359371504982832,0.7663348042071384,0.761772590698136,0.8615070860748077,0.7625862357262301,0.8604559978004206,0.8646280431234946,0.0,0.6279234207230632,0.8329626176074625,0.9516487811553824,0.7657491330510203,0.4164968797107407,0.9227137594045369,0.7069843474109561,0.7861094722127778,0.8028798543616625,0.8679758614668869,0.6342762654095172,0.7350351879824244,0.9709290059995136,0.6474800539487878,0.0,0.6059901396271371,0.5677256722193874,0.7114999678972362,0.7060700592445776,0.6144618545247549,0.3852356612206768,0.9365838054292772,0.7680834281827942,0.8389295619433306,0.7222650016966011,0.0,0.8073449164216242,0.8426259291672386,0.8161873294388782,0.0,0.6666500157759387,0.7936726308206532,0.8532687187151866,0.6394557730633523,0.6597426594605862,0.8912624505747451,0.8786602049940826,0.8186778959847947,0.9559140281391526,0.69173644718009,0.9654902752576572
32,CT17Z3,0.05422148271398913,0.18495733564456596,0.18799490149413717,0.12496417450213067,0.08324970299603687,0.1978398726543434,0.8359371504982832,0.5845646915750777,0.8834124056006633,0.6657016428866374,0.17337878153794214,0.88902001959852,0.8252088878646643,0.9874840050380286,0.9481346028402384,0.8454765933104879,0.9915140542772736,0.9334146591742882,0.7582770771044296,0.9227137594045369,0.9706008190382132,0.8224871320585159,0.8028798543616625,0.8679758614668869,0.8995665823725674,0.8817697995165951,0.0,0.8987986635993402,0.0,0.9835385919119094,0.5677256722193874,0.8119500925564354,0.7060700592445776,0.6144618545247549,0.9278526496321108,0.9781617597333156,0.8061683877031055,0.8789880244352815,0.9089605582665048,1.0,0.5591489208916905,0.5965460498748848,0.2309187676519944,0.0,0.8382143027554928,0.5336793821405685,0.6319159447356131,0.3139449181142961,0.938570554180026,1.0,0.8786602049940826,0.918604910419872,0.9559140281391526,0.9145270021478908,0.9654902752576572
33,CT18Z1,0.07252207017293216,0.21187580517399549,0.22591323293647583,0.1555900845538725,0.07693749926041746,0.2050876132903933,0.7679133424044755,0.7663348042071384,0.7583396564520772,0.8615070860748077,0.7625862357262301,0.8449504736647417,0.7936222118399537,0.0,0.7490762739886335,0.7929385317018717,0.9516487811553824,0.7903457431131251,0.4164968797107407,0.8224617289093549,0.7069843474109561,0.7467436672276488,0.7598921857963084,0.8679758614668869,0.5903089601812805,0.7786731734821418,1.0,0.7125541104319171,0.0,0.5358228536888652,0.4798643732484256,0.6052804004290584,0.7060700592445776,0.6144618545247549,0.3852356612206768,0.9365838054292772,0.6842383564842015,0.8389295619433306,0.7222650016966011,0.0,0.8073449164216242,0.758018414028198,0.6281348274656112,0.0,0.5978440128404711,0.7936726308206532,0.7577123353550765,0.4920311079189424,0.7242611910460774,0.0,0.8786602049940826,0.8385191787754438,0.9559140281391526,0.69173644718009,0.8335873056661877
34,CT18Z2,0.24811232764620333,0.509243086922793,0.5519859036933257,0.27589706034456446,0.0907379674356047,0.5015327575259985,0.8269563255251507,0.7663348042071384,0.7880091854810978,0.8615070860748077,0.7625862357262301,0.8604559978004206,0.8646280431234946,0.0,0.7232170234318798,0.8200568947299379,0.9516487811553824,0.7657491330510203,0.4164968797107407,0.9227137594045369,0.7069843474109561,0.7861094722127778,0.8028798543616625,0.8679758614668869,0.6342762654095172,0.7576553875715593,0.9709290059995136,0.6653396317219517,0.0,0.6059901396271371,0.4798643732484256,0.7114999678972362,0.7060700592445776,0.6144618545247549,0.3852356612206768,0.9365838054292772,0.7276009691288996,0.8389295619433306,0.7372609574909066,0.0,0.8073449164216242,0.800899715878845,0.8161873294388782,0.0,0.6666500157759387,0.7936726308206532,0.7836854938226865,0.4920311079189424,0.7242611910460774,0.8912624505747451,0.8786602049940826,0.8186778959847947,0.9559140281391526,0.69173644718009,0.9654902752576572
35,CT18Z3,0.1366180925351418,0.33829631825424494,0.3512539296889178,0.26617141519936166,0.13228901144426553,0.339958910027061,0.8657823876713285,0.5845646915750777,0.9280284512075088,0.7744642007875968,0.17337878153794214,0.9022589851581736,0.8646280431234946,0.9874840050380286,0.9749255135924152,0.8809347605905637,1.0,0.9334146591742882,0.7582770771044296,0.9227137594045369,1.0,0.918309822597582,0.8419755243578473,0.9212017940733644,0.918050174505192,0.9299263895433486,0.0,0.9563108865837276,0.0,1.0,0.7995093638496086,0.9078430533457936,0.7060700592445776,0.6144618545247549,0.9278526496321108,0.9781617597333156,0.8061683877031055,0.9141095676731372,0.9527485316949276,1.0,0.5591489208916905,0.6682112170217188,0.2309187676519944,0.0,0.9113056466887909,0.5336793821405685,0.6319159447356131,0.0,0.938570554180026,1.0,0.8786602049940826,0.9445705063174784,0.9559140281391526,0.9145270021478908,0.9654902752576572
36,CT19Z1,0.050631594099535424,0.1658723084318233,0.18629841566725389,0.11649919191311955,0.044516326748629494,0.15046935861398306,0.5707420467752407,0.7663348042071384,0.4327307627653444,0.7744642007875968,0.6782726419440781,0.5245138633928679,0.5940319256127564,0.0,0.5867876786826429,0.6977021703741256,0.0,0.5285178057343938,0.0,0.0,0.7069843474109561,0.5376348823125965,0.5106881540333389,0.6835517588989408,0.3744242991915989,0.4727960303582798,0.9885112861272406,0.3267312574868675,0.0,0.4955196704218486,0.154295899716664,0.6052804004290584,0.7060700592445776,0.3772902888058338,0.3852356612206768,0.9365838054292772,0.6373285963974564,0.5460719120052526,0.471329101391097,0.0,0.5591489208916905,0.5716606113516972,0.43422350020725387,0.0,0.42575545040081775,0.7936726308206532,0.7000796722673578,0.6394557730633523,0.57762279715789,0.0,0.7315741961238946,0.4822800973705745,0.8790591292135999,0.5215713996244821,0.0
37,CT19Z3,0.11384413018812928,0.24817715790718234,0.2827758277795059,0.2089169224635848,0.11668354745309092,0.24897041603783515,0.9789659571470856,0.7663348042071384,0.9562312562570444,1.0,0.2940704090796349,1.0,0.9103060991547038,1.0000000000000002,0.9617620105675956,0.9540281604664288,1.0,0.9841087211139592,0.6083019297875242,1.0,0.9386607823699528,0.918309822597582,0.8779590821058159,0.9212017940733644,0.9609664757320909,0.916825692278566,0.9709290059995136,0.9628823013283376,0.0,0.6665192279073766,0.5677256722193874,0.4913455350449753,0.8657513250608071,0.2313894168798517,0.8491132138759051,1.0,0.8422182351907141,0.9454928414254836,0.9270292357041636,1.0,0.6933609615051988,0.800899715878845,0.43422350020725387,0.0,0.8633107379514123,0.0,0.8742419452557026,0.4920311079189424,0.9703699358971868,1.0,0.7315741961238946,0.9791996462790404,1.0,0.8668146041212227,0.9654902752576572
38,CT1Z10,0.09867629565934143,0.3567331202847914,0.3681872621319144,0.2361954945856633,0.12702426273008835,0.3267330578447397,0.1540471863138243,0.0,0.2971336705494215,0.5119298703930664,0.4003897078523811,0.4347321655076556,0.20309649431619314,0.0,0.5373218395267578,0.0,0.0,0.0,0.4164968797107407,0.0,0.0,0.0,0.3950115486675549,0.6835517588989408,0.0,0.3086211707748111,0.0,0.0,0.0,0.0,0.154295899716664,0.36612939497019625,0.0,0.2313894168798517,0.0,0.0,0.0,0.5460719120052526,0.0,0.0,0.38624462782318175,0.09509276754775052,0.43422350020725387,0.9999999931625294,0.3025518991923216,0.0,0.0,0.0,0.4581038752925969,0.0,0.5332775262994239,0.0,0.0,0.0,0.0
39,CT1Z2,0.14435463162577775,0.3173066139626958,0.3136532969039106,0.2124492038997968,0.17358810232674426,0.3540931265641906,0.831473744424623,0.7663348042071384,0.761772590698136,0.7744642007875968,0.8440368664924899,0.8604559978004206,0.9444517496644419,0.0,0.4738823837386251,0.8200568947299379,0.0,0.6493496996999903,0.0,0.8224617289093549,0.6269620989119139,0.70365699623295,0.8779590821058159,0.8679758614668869,0.7514979388582814,0.7350351879824244,0.0,0.5589418876409015,0.0,0.6372370997851189,0.5677256722193874,0.9078430533457936,0.8657513250608071,0.7188058441423104,0.6618075862486463,0.0,0.8061683877031055,0.8789880244352815,0.5904763710961224,0.0,0.9083168809685992,0.8833105612488079,1.0,0.0,0.7286309120562146,0.7936726308206532,0.7000796722673578,0.4920311079189424,0.57762279715789,1.0,1.0,0.7148416235355517,0.9559140281391526,0.9145270021478908,0.9654902752576572
40,CT1Z3,0.07543262009684244,0.210468239798424,0.19460407897481802,0.15417653669864909,0.07107949845024623,0.21262122584646265,0.8083155113490472,0.7663348042071384,0.8376966100325289,0.9352981725663936,0.59048653531861,0.9269970628814174,0.9276214742747984,0.0,0.6279234207230632,0.8921346808970494,0.0,0.6818456255519656,0.7582770771044296,0.9227137594045369,0.6269620989119139,0.7861094722127778,0.8419755243578473,0.9640070359617317,0.8802005577768031,0.7786731734821418,0.0,0.6073557426663909,0.0,0.6941396896693038,0.6495452369600349,0.6052804004290584,0.8657513250608071,0.8170459762141051,0.5425109682836624,0.0,0.7276009691288996,0.9141095676731372,0.634432389568694,0.0,0.5591489208916905,0.9032926773227904,1.0,0.0,0.7854573083167586,0.5336793821405685,0.5920261519508633,0.4920311079189424,0.57762279715789,1.0,0.8786602049940826,0.8385191787754438,0.9559140281391526,1.0000000000000002,0.9654902752576572
41,CT1Z4,0.12694479535382155,0.5605167819602149,0.5533430833476133,0.3679623520281087,0.10467943757789715,0.5142879521921744,0.453117665934764,1.0,0.5432660675624722,0.5119298703930664,0.6782726419440781,0.4347321655076556,0.4978089568767414,0.0,0.3804449663719556,0.2858783155146808,0.0,0.5285178057343938,0.7582770771044296,0.0,0.6269620989119139,0.6557742139135876,0.5106881540333389,0.0,0.4711414174396105,0.3831360590451885,0.0,0.4965652681664754,0.0,0.8140193958496109,0.4798643732484256,0.36612939497019625,0.4970752568622038,0.7188058441423104,0.8491132138759051,0.0,0.5859046016646617,0.0,0.5379934940772921,0.0,0.0,0.4933364386319345,0.6281348274656112,0.0,0.6332391550744274,0.7936726308206532,0.32875681328018025,0.3139449181142961,0.0,0.0,0.5332775262994239,0.6333682881726443,0.0,0.6155111892669061,0.0
42,CT1Z5,0.06943006121671157,0.28026488226648844,0.2675865275798845,0.19975350433081482,0.09543589330989978,0.2691980030082842,0.493685508299803,0.8958549653703942,0.497701604762752,0.5119298703930664,0.4003897078523811,0.4347321655076556,0.4748320162145512,0.0,0.7232170234318798,0.3660693752509073,0.0,0.5738866122503656,0.7582770771044296,0.0,0.8203796574436283,0.3480584601620929,0.3950115486675549,0.0,0.4711414174396105,0.43356083561659975,0.9366664269709216,0.45612692218784495,1.0,0.8352377592537349,0.2775376108865744,0.6052804004290584,0.7060700592445776,0.501913996977768,0.9278526496321108,0.0,0.4624779591891003,0.5460719120052526,0.6133098674138909,0.0,0.5591489208916905,0.3774058779113504,0.43422350020725387,0.0,0.5978440128404711,0.7936726308206532,0.32875681328018025,0.4920311079189424,0.7242611910460774,0.0,0.5332775262994239,0.5739856167982562,0.0,0.69173644718009,0.0
43,CT1Z6,0.16336210454798983,0.5114087093620027,0.49644390617396406,0.3635517666842829,0.17951123796341897,0.4880676926078327,0.7835977544644416,0.5845646915750777,0.8762017439526628,0.6657016428866374,0.2940704090796349,0.8751129694425941,0.7936222118399537,0.9874840050380286,0.9193187804739079,0.8200568947299379,0.9915140542772736,0.8772049062087522,0.7582770771044296,0.8224617289093549,0.9706008190382132,0.7467436672276488,0.8028798543616625,0.8679758614668869,0.8701531068453021,0.8427025635001612,0.0,0.8744674388236576,0.0,0.9835385919119094,0.5677256722193874,0.8119500925564354,0.7060700592445776,0.501913996977768,0.7616392520099136,0.9781617597333156,0.7680834281827942,0.8389295619433306,0.8802625347198856,1.0,0.5591489208916905,0.5716606113516972,0.43422350020725387,0.0,0.8382143027554928,0.5336793821405685,0.546436384539879,0.3139449181142961,0.904172607803522,1.0,0.7315741961238946,0.918604910419872,0.9559140281391526,0.9587181136295552,0.9168301881558234
44,CT1Z7,0.15403358299627742,0.3395207316753198,0.3792262459881745,0.28384551510350253,0.15102171727276423,0.33055318314161036,0.7161986412763142,0.7663348042071384,0.6170746624677371,0.6657016428866374,0.7625862357262301,0.6969707216363894,0.6566183151386764,0.0,0.5867876786826429,0.6977021703741256,0.0,0.5738866122503656,0.0,0.0,0.7690163589009364,0.6557742139135876,0.6569759585903938,0.7965474647096531,0.5068255555947795,0.4727960303582798,0.0,0.40402598294315584,0.0,0.5723729660763301,0.38414049092067815,0.8119500925564354,0.7060700592445776,0.8170459762141051,0.5425109682836624,0.0,0.5859046016646617,0.6598495334154698,0.6133098674138909,0.0,0.6933609615051988,0.758018414028198,0.6281348274656112,0.0,0.42575545040081775,0.7936726308206532,0.546436384539879,0.6394557730633523,0.0,0.0,0.7315741961238946,0.4822800973705745,0.8790591292135999,0.6155111892669061,0.8335873056661877
45,CT1Z8,0.08949175543946779,0.36559992855188383,0.3903896084575682,0.2441523818278932,0.12149404761606024,0.34011534855667325,0.3472502070814369,0.0,0.21032419563646854,0.0,0.59048653531861,0.0,0.20309649431619314,0.0,0.3804449663719556,0.0,0.0,0.0,0.6083019297875242,0.0,0.0,0.0,0.0,0.0,0.29592808497933004,0.3086211707748111,0.0,0.40402598294315584,0.0,0.2461020439504299,0.0,0.36612939497019625,0.0,1.0,0.6618075862486463,0.0,0.0,0.0,0.0,0.0,0.38624462782318175,0.34552468609473563,0.43422350020725387,0.0,0.21434664711051968,0.7936726308206532,0.0,0.6394557730633523,0.0,0.8912624505747451,0.5332775262994239,0.0,0.0,0.0,0.0
46,CT1Z9,0.07101398104128594,0.18169169620953282,0.1905472090920181,0.13311676738039482,0.06664405374876117,0.1696660705871642,0.5401346976699056,0.0,0.2971336705494215,0.0,0.9230644248980071,0.4347321655076556,0.5585653836959141,0.0,0.4738823837386251,0.6790590610437137,0.0,0.4750134096433956,0.4164968797107407,0.6721398057493213,0.0,0.5376348823125965,0.5920688257597423,0.6835517588989408,0.5378151942210772,0.5334695967529179,0.0,0.3267312574868675,0.0,0.3976344274097642,0.2775376108865744,0.7114999678972362,0.4970752568622038,0.9104844610500026,0.5425109682836624,0.0,0.5284696059945277,0.5460719120052526,0.5070088666630768,0.0,0.6933609615051988,0.6912226500263796,0.8161873294388782,0.0,0.4750158067309167,0.5336793821405685,0.5920261519508633,0.7699396420111795,0.4581038752925969,0.0,0.0,0.0,0.0,0.6155111892669061,0.8335873056661877
47,CT20Z1,0.16868707800885926,0.3696167905479174,0.35012453523466397,0.29762824679402133,0.18260621387397272,0.3896792552632683,0.4223277481340945,0.0,0.25781881010348706,0.5119298703930664,0.6782726419440781,0.0,0.4748320162145512,0.0,0.5373218395267578,0.5652938878247826,0.0,0.4750134096433956,0.0,0.0,0.7069843474109561,0.4585504025039835,0.5106881540333389,0.6835517588989408,0.0,0.43356083561659975,1.0,0.3267312574868675,0.0,0.4955196704218486,0.154295899716664,0.6052804004290584,0.0,0.3772902888058338,0.3852356612206768,0.9365838054292772,0.4624779591891003,0.0,0.4287279560212417,0.0,0.38624462782318175,0.4373621287053068,0.2309187676519944,0.0,0.3025518991923216,0.7936726308206532,0.6319159447356131,0.3139449181142961,0.57762279715789,0.0,0.7315741961238946,0.0,0.0,0.5215713996244821,0.0
48,CT20Z3,0.259132851402813,0.665782958691612,0.7372656248616132,0.49132442307299,0.18289920651881628,0.6493720951468251,0.9789659571470856,0.8958549653703942,0.9805860460596524,0.9352981725663936,0.0,0.9906024513719964,0.952695841783253,1.0000000000000002,0.9749255135924152,0.9540281604664288,1.0,0.9841087211139592,0.7582770771044296,1.0,0.9706008190382132,0.918309822597582,0.9426707400973812,0.9212017940733644,0.9847983072349232,0.9547829820617968,0.9366664269709216,1.0,0.0,0.966688694964114,0.7265250662901479,0.9078430533457936,1.0,0.3772902888058338,0.8491132138759051,1.0,0.9092749213603276,0.9739361704656916,0.9770101701456021,1.0,0.8073449164216242,0.7796113883064152,0.43422350020725387,0.0,0.9786288213551028,0.5336793821405685,0.9135623276643686,0.4920311079189424,0.9703699358971868,1.0,0.7315741961238946,1.0,1.0,0.9587181136295552,1.0
49,CT21Z3,0.22744602087928284,0.3467926607930233,0.34953248912806945,0.30496274477715773,0.22261557261175582,0.34672854500051525,0.9367846264609035,0.8958549653703942,0.978769234989768,0.9352981725663936,0.6782726419440781,0.9906024513719964,0.984620975405518,0.9766291862614556,0.888071702018345,0.9635825155070924,0.9782713555855894,0.9334146591742882,0.7582770771044296,1.0,0.9386607823699528,0.9468385565618708,1.0,0.9640070359617317,0.9269903420499466,0.9487257023588546,0.9366664269709216,0.8987986635993402,0.0,0.91353329387692,0.7265250662901479,0.9078430533457936,1.0,0.9104844610500026,0.6618075862486463,0.9781617597333156,0.8765131395706526,1.0000000000000002,0.8802625347198856,1.0,0.8073449164216242,0.9810565723856554,0.8161873294388782,0.0,0.9786288213551028,0.5336793821405685,0.8081393306822885,0.4920311079189424,0.8665941223204456,1.0,0.8786602049940826,0.9681570316984892,1.0,0.9587181136295552,0.9654902752576572
50,CT22Z3,0.11656793112946337,0.19689082839047045,0.19134134760669433,0.18031582987575398,0.08556437915817817,0.18276014610098718,0.9970596237540276,0.8958549653703942,1.0,0.9352981725663936,0.4983336731541304,0.9906024513719964,0.9923565259223932,0.9874840050380286,0.9481346028402384,1.0,1.0,0.9841087211139592,0.7582770771044296,1.0,0.9706008190382132,0.9740173153481684,0.9721262050736348,0.9640070359617317,1.0,0.9946341214990462,0.9366664269709216,1.0,0.0,0.9494243573303094,0.7995093638496086,0.8119500925564354,1.0,0.6144618545247549,1.0,1.0,1.0,0.9739361704656916,0.9999999999999998,1.0,0.8073449164216242,0.9425891423527876,0.6281348274656112,0.0,1.0,0.5336793821405685,0.8943090430264135,0.4920311079189424,0.904172607803522,1.0,0.8786602049940826,1.0,1.0,0.9145270021478908,1.0
51,CT2Z2,0.10035105241761891,0.2571988379131744,0.27610882283916943,0.21230599480119797,0.1971706417115017,0.29602387742369185,0.9401901366279812,0.7663348042071384,0.9403874885434559,1.0,0.59048653531861,0.9906024513719964,1.0,0.9766291862614556,0.8353752352642074,0.9911489850339148,0.9782713555855894,0.9334146591742882,0.6083019297875242,1.0,0.8645807454414274,0.8882424869882732,0.9721262050736348,1.0,0.8900002678978067,0.9299263895433486,0.9709290059995136,0.8389388020104978,0.0,0.6941396896693038,0.5677256722193874,0.9078430533457936,0.8657513250608071,0.6144618545247549,0.5425109682836624,0.9781617597333156,0.9092749213603276,0.9739361704656916,0.8156742988539731,1.0,0.9083168809685992,0.9810565723856554,0.8161873294388782,0.0,0.8876536174882368,0.5336793821405685,0.8532687187151866,0.4920311079189424,0.8250144820434531,1.0,1.0,0.9319182556269934,1.0,1.0000000000000002,0.9654902752576572
52,CT2Z3,0.08293464998446859,0.19784578631101274,0.20299233830359867,0.14474055474925945,0.0656128564222015,0.19790061473658285,0.8818427468289038,0.7663348042071384,0.8928001052418243,0.9352981725663936,0.7625862357262301,0.9497635222577412,0.9923565259223932,0.0,0.6634448752181514,0.9137177023699776,0.0,0.7396512958847377,0.6083019297875242,0.9227137594045369,0.6269620989119139,0.70365699623295,0.8779590821058159,1.0,0.8900002678978067,0.8168268854764879,0.0,0.6820346777002534,0.0,0.7203320372785803,0.5677256722193874,0.8119500925564354,0.8657513250608071,0.9104844610500026,0.6618075862486463,0.9365838054292772,0.8422182351907141,0.9454928414254836,0.634432389568694,0.0,0.8073449164216242,0.9425891423527876,1.0,0.0,0.8633107379514123,0.5336793821405685,0.7299579597805103,0.3139449181142961,0.57762279715789,1.0,0.8786602049940826,0.8896487192586884,1.0,1.0000000000000002,0.9654902752576572
53,CT2Z5,0.17504845928669222,0.48705520924912143,0.473828567154684,0.3750409752426121,0.17882321010028873,0.46454124637192723,0.4673039256611716,1.0,0.5825060747653775,0.5119298703930664,0.4003897078523811,0.4347321655076556,0.4978089568767414,0.0,0.7232170234318798,0.5362284509183395,0.0,0.5738866122503656,0.6083019297875242,0.0,0.8645807454414274,0.6014073217068243,0.3950115486675549,0.0,0.5068255555947795,0.5053732850824904,0.0,0.5589418876409015,0.0,0.9317166730385956,0.4798643732484256,0.6052804004290584,0.7060700592445776,0.8170459762141051,0.9278526496321108,0.0,0.4624779591891003,0.5460719120052526,0.6541256667158261,0.0,0.0,0.4933364386319345,0.6281348274656112,0.0,0.6666500157759387,0.7936726308206532,0.32875681328018025,0.3139449181142961,0.7242611910460774,0.0,0.5332775262994239,0.6333682881726443,0.0,0.8147282023532834,0.0
54,CT2Z6,0.09369613334782152,0.17538312192329367,0.17245341449929436,0.1469171800296342,0.07065202645889254,0.16205171231216667,0.9789659571470856,0.8958549653703942,0.9823938969012144,0.9352981725663936,0.2940704090796349,0.9906024513719964,0.952695841783253,1.0000000000000002,0.9749255135924152,0.9540281604664288,1.0,0.9841087211139592,0.7582770771044296,1.0,0.9706008190382132,0.9468385565618708,0.9426707400973812,0.9640070359617317,0.9847983072349232,0.9547829820617968,0.9366664269709216,1.0,0.0,0.966688694964114,0.7265250662901479,0.9078430533457936,1.0,0.3772902888058338,0.8491132138759051,1.0,0.9092749213603276,0.9739361704656916,0.9770101701456021,1.0,0.8073449164216242,0.7796113883064152,0.43422350020725387,0.0,0.9786288213551028,0.5336793821405685,0.9135623276643686,0.4920311079189424,0.9703699358971868,1.0,0.7315741961238946,1.0,1.0,0.9587181136295552,1.0
55,CT2Z7,0.054329587934594796,0.23622980748745523,0.24974616175781056,0.15530482315226854,0.08928508255025923,0.237786431442453,0.4223277481340945,0.5845646915750777,0.25781881010348706,0.6657016428866374,0.59048653531861,0.0,0.519274700857808,0.0,0.5867876786826429,0.5652938878247826,0.0,0.4750134096433956,0.0,0.0,0.7069843474109561,0.5376348823125965,0.3950115486675549,0.6835517588989408,0.0,0.3831360590451885,0.0,0.3267312574868675,0.0,0.4955196704218486,0.38414049092067815,0.8119500925564354,0.0,0.6144618545247549,0.3852356612206768,0.9365838054292772,0.5284696059945277,0.5460719120052526,0.471329101391097,0.0,0.5591489208916905,0.5462026276294263,0.2309187676519944,0.0,0.3695876815289153,0.7936726308206532,0.5920261519508633,0.3139449181142961,0.0,0.0,0.7315741961238946,0.0,0.0,0.6155111892669061,0.0
56,CT2Z8,0.21854048986759259,0.5191227589690763,0.5289645545980471,0.41329937275240125,0.22157282874645717,0.4916491636647038,0.3472502070814369,0.0,0.1821202880570038,0.0,0.59048653531861,0.0,0.20309649431619314,0.0,0.0,0.0,0.0,0.0,0.4164968797107407,0.6721398057493213,0.0,0.0,0.0,0.0,0.29592808497933004,0.3086211707748111,0.0,0.40402598294315584,0.0,0.2461020439504299,0.0,0.0,0.0,1.0,0.6618075862486463,0.0,0.0,0.0,0.0,0.0,0.38624462782318175,0.34552468609473563,0.43422350020725387,0.0,0.21434664711051968,0.7936726308206532,0.0,0.6394557730633523,0.0,0.8912624505747451,0.5332775262994239,0.0,0.0,0.0,0.0
57,CT2Z9,0.07835756472132124,0.21143146082297298,0.19582199638026823,0.1652029982896489,0.08438769109456123,0.2005962788987213,0.453117665934764,0.0,0.21032419563646854,0.0,0.6782726419440781,0.0,0.4978089568767414,0.0,0.4738823837386251,0.6977021703741256,0.0,0.4081783969744284,0.4164968797107407,0.6721398057493213,0.0,0.4585504025039835,0.5106881540333389,0.0,0.4711414174396105,0.5334695967529179,0.0,0.3267312574868675,0.0,0.3976344274097642,0.2775376108865744,0.6052804004290584,0.4970752568622038,0.9104844610500026,0.5425109682836624,0.0,0.5284696059945277,0.5460719120052526,0.3746154598103584,0.0,0.38624462782318175,0.6447829540683743,0.8161873294388782,0.0,0.3695876815289153,0.5336793821405685,0.5920261519508633,0.7699396420111795,0.4581038752925969,0.0,0.5332775262994239,0.0,0.0,0.6155111892669061,0.0
58,CT3Z10,0.08404113889072959,0.36493458316552674,0.3880616606549098,0.20882244618506493,0.07219079818183081,0.30550293386371824,0.2004897618299283,0.0,0.0,0.5119298703930664,0.2940704090796349,0.4347321655076556,0.20309649431619314,0.0,0.4738823837386251,0.0,0.0,0.0,0.4164968797107407,0.0,0.0,0.0,0.3950115486675549,0.6835517588989408,0.0,0.3831360590451885,0.0,0.40402598294315584,0.0,0.0,0.0,0.36612939497019625,0.0,0.0,0.0,0.0,0.0,0.0,0.0,0.0,0.38624462782318175,0.0,0.0,0.9999999992675732,0.3025518991923216,0.0,0.0,0.7699396420111795,0.57762279715789,0.0,0.0,0.0,0.0,0.0,0.0
59,CT3Z2,0.20123935782692182,0.35734075041076013,0.37486189900154293,0.3070670878196586,0.16735206326120386,0.3511662623149944,0.9850855272436068,0.7663348042071384,0.9714104068275098,1.0,0.59048653531861,0.9906024513719964,0.9923565259223932,0.9923682599442764,0.9040295026179338,0.9635825155070924,0.9915140542772736,0.9841087211139592,0.6083019297875242,1.0,0.9706008190382132,1.0,0.9721262050736348,1.0,0.9847983072349232,0.9836711952087458,0.9709290059995136,0.9496167006003694,0.0,0.7691337464977218,0.6495452369600349,1.0,1.0,0.501913996977768,0.8491132138759051,1.0,0.9092749213603276,1.0000000000000002,0.9180935930723082,1.0,0.9083168809685992,0.9425891423527876,0.8161873294388782,0.0,0.9343213225308012,0.0,0.9499285635781762,0.4920311079189424,0.938570554180026,1.0,1.0,0.9898015105497252,1.0,1.0000000000000002,1.0
60,CT3Z3,0.06261524881800432,0.13014215583327574,0.12990217846219257,0.10358276197494198,0.05445645304429822,0.1273611024822695,0.9298854506056291,0.8958549653703942,0.9581637234794164,0.9352981725663936,0.6782726419440781,0.9906024513719964,0.9923565259223932,0.9766291862614556,0.7729234817085341,0.9540281604664288,0.9782713555855894,0.9153647138906464,0.6083019297875242,1.0,0.8645807454414274,0.7861094722127778,1.0,0.9640070359617317,0.8900002678978067,0.916825692278566,0.0,0.8094168648871676,0.0,0.8140193958496109,0.7995093638496086,0.9078430533457936,0.8657513250608071,0.9104844610500026,0.5425109682836624,0.9781617597333156,0.8765131395706526,0.9739361704656916,0.7914129830222625,1.0,0.8073449164216242,1.0,0.8161873294388782,0.0,0.9786288213551028,0.5336793821405685,0.8312790348078536,0.4920311079189424,0.57762279715789,1.0,0.8786602049940826,0.918604910419872,1.0,1.0000000000000002,0.9654902752576572
61,CT3Z4,0.03427459284132534,0.18952622306852568,0.18931998834806701,0.12233712874116145,0.05215478684286528,0.18862290371146592,0.493685508299803,0.8958549653703942,0.4806787234459464,0.5119298703930664,0.7625862357262301,0.4347321655076556,0.4748320162145512,0.0,0.3804449663719556,0.0,0.0,0.5285178057343938,0.6083019297875242,0.6721398057493213,0.0,0.6014073217068243,0.5106881540333389,0.0,0.3744242991915989,0.3831360590451885,0.0,0.40402598294315584,0.0,0.4501863201201385,0.5677256722193874,0.0,0.4970752568622038,0.6144618545247549,0.8491132138759051,0.0,0.5284696059945277,0.0,0.471329101391097,0.0,0.0,0.5201164951744307,1.0,0.0,0.5193898570487193,0.5336793821405685,0.32875681328018025,0.4920311079189424,0.0,0.0,0.5332775262994239,0.5739856167982562,0.0,0.0,0.0
62,CT3Z5,0.13073734076401938,0.6070852689716546,0.6177904734424288,0.41859567375573664,0.1617893176134983,0.5765949700500543,0.5895617229677921,1.0,0.6480401131935093,0.6657016428866374,0.4003897078523811,0.6969707216363894,0.6106083821030606,0.0,0.7232170234318798,0.5916650502055166,0.0,0.6136741720952509,0.6083019297875242,0.6721398057493213,0.8645807454414274,0.70365699623295,0.7598921857963084,0.6835517588989408,0.6342762654095172,0.5806793090219367,0.0,0.6073557426663909,0.0,0.9317166730385956,0.6495452369600349,0.6052804004290584,0.7060700592445776,0.8170459762141051,0.9278526496321108,0.0,0.5284696059945277,0.6598495334154698,0.6900354298358786,0.0,0.0,0.5201164951744307,0.6281348274656112,0.0,0.7286309120562146,0.7936726308206532,0.32875681328018025,0.3139449181142961,0.7242611910460774,0.0,0.5332775262994239,0.6782986048802296,0.0,0.8147282023532834,0.0
63,CT3Z6,0.16935113396115192,0.5827969095368128,0.5969069449609175,0.37827491410526537,0.16891779631742795,0.542403168166671,0.7886776140925446,0.8958549653703942,0.8613137044800057,0.7744642007875968,0.2940704090796349,0.88902001959852,0.8148890544484648,0.9766291862614556,0.8538410680087442,0.8576270003526144,0.9516487811553824,0.8358009345989593,0.8862459753149625,0.9227137594045369,0.9706008190382132,0.7467436672276488,0.8419755243578473,0.8679758614668869,0.8802005577768031,0.8427025635001612,0.0,0.7989144063628315,0.0,1.0,0.7265250662901479,0.9078430533457936,0.7060700592445776,0.6144618545247549,0.7616392520099136,0.9365838054292772,0.7276009691288996,0.8389295619433306,0.8272297271094338,0.0,0.5591489208916905,0.6209064819009514,0.43422350020725387,0.0,0.9343213225308012,0.5336793821405685,0.4248983299631958,0.3139449181142961,0.8665941223204456,1.0,0.8786602049940826,0.8896487192586884,0.9559140281391526,0.9587181136295552,0.9168301881558234
64,CT3Z7,0.10334060965192007,0.3214060451264792,0.3396025208614402,0.24206038095481416,0.11420985605812246,0.2975527829335893,0.4381595822565231,0.5845646915750777,0.1821202880570038,0.6657016428866374,0.9230644248980071,0.5245138633928679,0.4748320162145512,0.0,0.6279234207230632,0.4663248616310714,0.0,0.3137299575592717,0.0,0.0,0.0,0.4585504025039835,0.3950115486675549,0.6835517588989408,0.0,0.3086211707748111,0.0,0.0,0.0,0.33349681877899545,0.2775376108865744,0.8119500925564354,0.0,0.9104844610500026,0.3852356612206768,0.0,0.3828989714113341,0.5460719120052526,0.3746154598103584,0.0,0.6933609615051988,0.5716606113516972,0.43422350020725387,0.0,0.21434664711051968,0.5336793821405685,0.546436384539879,1.0,0.0,0.0,0.7315741961238946,0.0,0.0,0.5215713996244821,0.0
65,CT3Z8,0.049173899612891786,0.2152376409705598,0.21587345695985943,0.14232050896041412,0.06302563213111301,0.19280410531142578,0.4054975928120651,0.0,0.14964514201793666,0.0,0.59048653531861,0.0,0.3194087979082343,0.0,0.3804449663719556,0.0,0.0,0.0,0.4164968797107407,0.6721398057493213,0.0,0.0,0.0,0.0,0.29592808497933004,0.3086211707748111,0.0,0.40402598294315584,0.0,0.33349681877899545,0.0,0.0,0.0,1.0,0.6618075862486463,0.0,0.0,0.0,0.0,0.0,0.5591489208916905,0.2765988032515416,0.6281348274656112,0.0,0.0,0.5336793821405685,0.0,0.6394557730633523,0.0,0.8912624505747451,0.5332775262994239,0.0,0.0,0.0,0.0
66,CT3Z9,0.04869518333367001,0.1775391149946747,0.1837531928330189,0.1279622818329243,0.05348006099421297,0.16729178379562065,0.4054975928120651,0.0,0.14964514201793666,0.0,0.6782726419440781,0.0,0.519274700857808,0.0,0.3804449663719556,0.6790590610437137,0.0,0.4081783969744284,0.4164968797107407,0.6721398057493213,0.0,0.4585504025039835,0.5106881540333389,0.0,0.4711414174396105,0.5334695967529179,0.0,0.3267312574868675,0.0,0.3976344274097642,0.4798643732484256,0.6052804004290584,0.4970752568622038,0.8170459762141051,0.5425109682836624,0.0,0.5284696059945277,0.5460719120052526,0.2961115336107552,0.0,0.38624462782318175,0.6447829540683743,0.8161873294388782,0.0,0.3695876815289153,0.5336793821405685,0.5920261519508633,0.7699396420111795,0.4581038752925969,0.0,0.5332775262994239,0.0,0.0,0.6155111892669061,0.0
67,CT4Z10,0.07471983979405004,0.11435166326227789,0.12807312042438634,0.09298612849390227,0.07253158899576471,0.10829438867360228,0.2004897618299283,0.0,0.0,0.0,0.2940704090796349,0.4347321655076556,0.20309649431619314,0.0,0.4738823837386251,0.0,0.0,0.0,0.4164968797107407,0.0,0.0,0.0,0.3950115486675549,0.6835517588989408,0.0,0.3831360590451885,0.0,0.40402598294315584,0.0,0.0,0.0,0.36612939497019625,0.0,0.0,0.0,0.0,0.0,0.0,0.0,0.0,0.38624462782318175,0.0,0.0,0.9999999992675732,0.3025518991923216,0.0,0.0,0.7699396420111795,0.57762279715789,0.0,0.0,0.0,0.0,0.0,0.0
68,CT4Z2,0.09837369671552908,0.2017798568091476,0.22708209610535382,0.15745789524028755,0.05377021497691806,0.1717408436511007,0.8532785386813724,0.7663348042071384,0.7651696459763998,0.7744642007875968,0.8440368664924899,0.8751129694425941,0.9608312065763752,0.0,0.5373218395267578,0.8454765933104879,0.0,0.7117953678772451,0.0,0.8224617289093549,0.7690163589009364,0.70365699623295,0.8779590821058159,0.9212017940733644,0.7514979388582814,0.7576553875715593,0.0,0.5844336684384599,0.0,0.6372370997851189,0.5677256722193874,0.9078430533457936,0.8657513250608071,0.7188058441423104,0.6618075862486463,0.0,0.8061683877031055,0.8789880244352815,0.5904763710961224,0.0,1.0,0.8833105612488079,1.0,0.0,0.7286309120562146,0.7936726308206532,0.7000796722673578,0.4920311079189424,0.57762279715789,1.0,1.0,0.7458450724212278,1.0,0.9587181136295552,0.9654902752576572
69,CT4Z3,0.17702802039570306,0.30416838341775554,0.30827056423748,0.22856166164406927,0.2067185002634445,0.26833317832281756,0.9263906238236314,0.8958549653703942,0.9581637234794164,0.9352981725663936,0.6782726419440781,0.9906024513719964,0.9923565259223932,0.9766291862614556,0.7490762739886335,0.9540281604664288,0.9782713555855894,0.8966500825460316,0.6083019297875242,1.0,0.8645807454414274,0.7861094722127778,1.0,0.9640070359617317,0.8900002678978067,0.9100898676692968,0.0,0.8094168648871676,0.0,0.8352377592537349,0.7995093638496086,0.9078430533457936,0.8657513250608071,0.9104844610500026,0.5425109682836624,0.9781617597333156,0.8765131395706526,0.9739361704656916,0.7914129830222625,1.0,0.8073449164216242,1.0,0.8161873294388782,0.0,0.9786288213551028,0.5336793821405685,0.8081393306822885,0.4920311079189424,0.57762279715789,1.0,0.8786602049940826,0.918604910419872,1.0,1.0000000000000002,0.9654902752576572
70,CT4Z4,0.20134836183498234,0.4351482222374807,0.5334241916307779,0.35095428589192773,0.18045841614746333,0.3705574383232992,0.5291949983942352,0.8958549653703942,0.4529546300383315,0.5119298703930664,0.6782726419440781,0.4347321655076556,0.4500260745431408,0.0,0.5373218395267578,0.0,0.0,0.4750134096433956,0.6083019297875242,0.0,0.5080108692258151,0.5376348823125965,0.5106881540333389,0.0,0.4711414174396105,0.3831360590451885,0.0,0.3267312574868675,1.0,0.4501863201201385,0.38414049092067815,0.22123361712143125,0.4970752568622038,0.6144618545247549,1.0,0.0,0.4624779591891003,0.0,0.3746154598103584,0.0,0.5591489208916905,0.4933364386319345,1.0,0.0,0.5600736405752124,0.5336793821405685,0.32875681328018025,0.4920311079189424,0.0,0.0,0.5332775262994239,0.4822800973705745,0.0,0.3916011528436557,0.0
71,CT4Z5,0.11309275337435103,0.24582421449888625,0.24017878000610388,0.19625554038748605,0.10970982063442201,0.23262362857782076,0.5802955764542316,1.0,0.6480401131935093,0.6657016428866374,0.4003897078523811,0.6654864482405801,0.5940319256127564,0.0,0.7232170234318798,0.6158866389377702,0.0,0.6136741720952509,0.6083019297875242,0.6721398057493213,0.8645807454414274,0.6557742139135876,0.7118626424434644,0.6835517588989408,0.6131480826315103,0.6010785950989318,0.0,0.5844336684384599,0.0,0.9317166730385956,0.6495452369600349,0.6052804004290584,0.7060700592445776,0.8170459762141051,0.8491132138759051,0.0,0.4624779591891003,0.6598495334154698,0.672604189315778,0.0,0.0,0.4657836271616805,0.6281348274656112,0.0,0.7286309120562146,0.7936726308206532,0.32875681328018025,0.3139449181142961,0.7242611910460774,0.0,0.5332775262994239,0.6782986048802296,0.0,0.8147282023532834,0.0
72,CT4Z6,0.06508460072142447,0.20960939982105659,0.22413091507166408,0.14587148263765165,0.05896490469965981,0.193008613681527,0.7161986412763142,1.0,0.7548700028506379,0.7744642007875968,0.4003897078523811,0.8108828286549162,0.7936222118399537,0.0,0.7490762739886335,0.7929385317018717,0.0,0.6818456255519656,0.7582770771044296,0.8224617289093549,0.7690163589009364,0.70365699623295,0.8779590821058159,0.8679758614668869,0.8492501247005677,0.7886600273483712,0.0,0.7125541104319171,0.0,0.966688694964114,0.7995093638496086,0.8119500925564354,0.7060700592445776,0.6144618545247549,0.8491132138759051,0.0,0.7276009691288996,0.7347424851649407,0.6900354298358786,0.0,0.38624462782318175,0.6209064819009514,0.6281348274656112,0.0,0.9113056466887909,1.0,0.4925161192328923,0.3139449181142961,0.8250144820434531,1.0,0.8786602049940826,0.7458450724212278,0.9559140281391526,0.9145270021478908,0.8335873056661877
73,CT4Z7,0.07019427302349243,0.2741992732558273,0.2604881231403642,0.19266024571666387,0.09162037314019998,0.26357729908114325,0.270804916291761,0.5845646915750777,0.1821202880570038,0.5119298703930664,0.9230644248980071,0.5835166518936309,0.27060164809916665,0.0,0.5373218395267578,0.3660693752509073,0.0,0.0,0.0,0.0,0.0,0.0,0.0,0.6835517588989408,0.0,0.3086211707748111,0.0,0.0,0.0,0.0,0.0,0.36612939497019625,0.0,0.9104844610500026,0.0,0.0,0.2764827378286092,0.0,0.2961115336107552,0.0,0.0,0.4657836271616805,0.43422350020725387,0.0,0.3025518991923216,0.0,0.4248983299631958,0.8891186705673397,0.0,0.8912624505747451,0.5332775262994239,0.0,0.0,0.0,0.0
74,CT4Z8,0.0645995092342386,0.28630620648329924,0.30421922274397023,0.19204253263567553,0.06446290542799706,0.2576432004116396,0.4054975928120651,0.0,0.14964514201793666,0.0,0.59048653531861,0.0,0.3194087979082343,0.0,0.3804449663719556,0.0,0.0,0.0,0.4164968797107407,0.6721398057493213,0.0,0.0,0.0,0.0,0.29592808497933004,0.3086211707748111,0.0,0.40402598294315584,0.0,0.33349681877899545,0.0,0.0,0.0,1.0,0.6618075862486463,0.0,0.0,0.0,0.0,0.0,0.5591489208916905,0.23863005486476255,0.6281348274656112,0.0,0.0,0.5336793821405685,0.0,0.6394557730633523,0.0,0.8912624505747451,0.5332775262994239,0.0,0.0,0.0,0.0
75,CT4Z9,0.49383689175056456,0.5606775119806916,0.581928534102276,0.5861634790128749,0.4649697571534439,0.5486601117993208,0.4223277481340945,0.0,0.1821202880570038,0.0,0.6782726419440781,0.0,0.519274700857808,0.0,0.3804449663719556,0.6790590610437137,0.0,0.4081783969744284,0.4164968797107407,0.6721398057493213,0.0,0.4585504025039835,0.5106881540333389,0.0,0.5068255555947795,0.5806793090219367,0.0,0.3267312574868675,0.0,0.4501863201201385,0.4798643732484256,0.6052804004290584,0.4970752568622038,0.8170459762141051,0.5425109682836624,0.0,0.4624779591891003,0.5460719120052526,0.2961115336107552,0.0,0.38624462782318175,0.6447829540683743,0.8161873294388782,0.0,0.3695876815289153,0.5336793821405685,0.5920261519508633,0.7699396420111795,0.4581038752925969,0.0,0.5332775262994239,0.0,0.0,0.6155111892669061,0.0
76,CT5Z10,0.0676643257886116,0.23831713252141284,0.2705690391140718,0.16368358527878812,0.04867636207883146,0.2103083626502648,0.23845882798357734,0.0,0.1111629245708428,0.5119298703930664,0.2940704090796349,0.4347321655076556,0.20309649431619314,0.0,0.5373218395267578,0.0,0.0,0.0,0.4164968797107407,0.0,0.0,0.0,0.3950115486675549,0.6835517588989408,0.0,0.3831360590451885,0.0,0.40402598294315584,0.0,0.0,0.154295899716664,0.36612939497019625,0.0,0.0,0.0,0.0,0.0,0.0,0.0,0.0,0.38624462782318175,0.0,0.0,0.9999999992675732,0.3025518991923216,0.0,0.0,0.6394557730633523,0.57762279715789,0.0,0.0,0.0,0.0,0.0,0.0
77,CT5Z2,0.49459132743459194,0.5594427771030406,0.5621783252465935,0.4966430621399087,0.29845956972390175,0.5566557838202677,1.0,0.8958549653703942,0.978769234989768,1.0,0.4983336731541304,0.9906024513719964,0.984620975405518,0.9923682599442764,0.9340024623259008,0.9911489850339148,1.0,1.0,0.6083019297875242,1.0,0.9706008190382132,1.0,0.9721262050736348,0.9640070359617317,0.9847983072349232,0.9891920558999888,0.9709290059995136,0.9628823013283376,0.0,0.7920130313476322,0.6495452369600349,0.9078430533457936,1.0,0.501913996977768,1.0,1.0,1.0,1.0000000000000002,0.9609876937166356,1.0,0.8073449164216242,0.9230489649967508,0.6281348274656112,0.0,0.9567483611322248,0.0,0.9838417180385229,0.4920311079189424,0.9703699358971868,1.0,1.0,0.9898015105497252,1.0,1.0000000000000002,1.0
78,CT5Z3,0.05387836372547396,0.2035156782436181,0.20128419897840563,0.13493971547627914,0.07535069979897024,0.20984716228702527,0.6477529848061135,0.0,0.7018845232050172,0.5119298703930664,0.59048653531861,0.7715305332601499,0.7936222118399537,0.0,0.4738823837386251,0.8067275907503261,0.0,0.6136741720952509,0.6083019297875242,0.9227137594045369,0.5080108692258151,0.7467436672276488,0.9113867285930805,0.7965474647096531,0.7785346484689571,0.6835800573213443,0.0,0.4965652681664754,0.0,0.6665192279073766,0.7995093638496086,0.4913455350449753,0.4970752568622038,0.8170459762141051,0.5425109682836624,0.0,0.6842383564842015,0.7920008056043524,0.6541256667158261,0.0,0.5591489208916905,0.758018414028198,1.0,0.0,0.6666500157759387,0.5336793821405685,0.5920261519508633,0.4920311079189424,0.57762279715789,1.0,0.8786602049940826,0.5739856167982562,0.8790591292135999,0.9587181136295552,0.9168301881558234
79,CT5Z4,0.03986040817723829,0.14273697269064795,0.15138055056361596,0.09797354252284492,0.036689545952378604,0.13770273311747525,0.5291949983942352,0.8958549653703942,0.3739980470944874,0.5119298703930664,0.4983336731541304,0.4347321655076556,0.519274700857808,0.0,0.6279234207230632,0.2858783155146808,0.0,0.4081783969744284,0.4164968797107407,0.0,0.7069843474109561,0.3480584601620929,0.0,0.0,0.3744242991915989,0.3086211707748111,0.0,0.40402598294315584,1.0,0.4955196704218486,0.154295899716664,0.36612939497019625,0.4970752568622038,0.3772902888058338,1.0,0.0,0.4624779591891003,0.5460719120052526,0.471329101391097,0.0,0.6933609615051988,0.40795306613654203,0.6281348274656112,0.0,0.5193898570487193,0.5336793821405685,0.32875681328018025,0.6394557730633523,0.0,0.8912624505747451,0.0,0.4822800973705745,0.0,0.6155111892669061,0.0
80,CT5Z5,0.14331956374626958,0.3109320464644324,0.3289497511130406,0.2435546525546012,0.11996315575570862,0.28678478526036344,0.493685508299803,1.0,0.6002975682127061,0.5119298703930664,0.4003897078523811,0.4347321655076556,0.519274700857808,0.0,0.7232170234318798,0.5362284509183395,0.0,0.5738866122503656,0.6083019297875242,0.0,0.8645807454414274,0.70365699623295,0.5920688257597423,0.0,0.5068255555947795,0.5053732850824904,0.0,0.5844336684384599,0.0,0.8948378331293024,0.6495452369600349,0.6052804004290584,0.7060700592445776,0.8170459762141051,1.0,0.0,0.4624779591891003,0.5460719120052526,0.6541256667158261,0.0,0.0,0.4933364386319345,0.6281348274656112,0.0,0.7286309120562146,0.7936726308206532,0.32875681328018025,0.3139449181142961,0.7242611910460774,0.0,0.5332775262994239,0.6333682881726443,0.0,0.8147282023532834,0.0
81,CT5Z6,0.098845915144954,0.3521803075236542,0.38154556461685857,0.22716201381454088,0.10085856193190643,0.35344528683606624,0.8738964557691095,0.5845646915750777,0.9019424987870496,0.7744642007875968,0.17337878153794214,0.9022589851581736,0.8353336174793876,0.9923682599442764,0.9749255135924152,0.8576270003526144,1.0,0.9153647138906464,0.7582770771044296,1.0,0.9706008190382132,0.7861094722127778,0.8779590821058159,0.8679758614668869,0.9269903420499466,0.916825692278566,0.9366664269709216,0.9496167006003694,0.0,0.9835385919119094,0.6495452369600349,0.8119500925564354,0.7060700592445776,0.501913996977768,0.9278526496321108,1.0,0.7276009691288996,0.9141095676731372,0.9443477904810322,1.0,0.5591489208916905,0.5201164951744307,0.0,0.0,0.8633107379514123,0.5336793821405685,0.7299579597805103,0.0,0.9703699358971868,1.0,0.7315741961238946,0.9566306285341032,0.9559140281391526,0.9145270021478908,0.9654902752576572
82,CT5Z7,0.07460379395392863,0.22603709223970658,0.23260969569955914,0.1729455963230142,0.07268909712284238,0.2060097717148793,0.38751447422851504,0.5845646915750777,0.278303801041661,0.6657016428866374,0.9230644248980071,0.5835166518936309,0.35902042158737424,0.0,0.5867876786826429,0.5036636555212791,0.0,0.3137299575592717,0.0,0.0,0.0,0.4585504025039835,0.0,0.0,0.0,0.3086211707748111,0.0,0.0,0.0,0.33349681877899545,0.2775376108865744,0.6052804004290584,0.0,0.8170459762141051,0.3852356612206768,0.0,0.3828989714113341,0.0,0.2961115336107552,0.0,0.5591489208916905,0.5716606113516972,0.43422350020725387,0.0,0.3025518991923216,0.0,0.4248983299631958,1.0,0.4581038752925969,0.8912624505747451,0.5332775262994239,0.0,0.0,0.3916011528436557,0.0
83,CT5Z8,0.2800906725867146,0.46967045148047504,0.4884849003279869,0.39811784073159756,0.2843175779140204,0.4444558037110001,0.4381595822565231,0.0,0.21032419563646854,0.0,0.4983336731541304,0.0,0.35902042158737424,0.0,0.3804449663719556,0.0,0.0,0.0,0.0,0.6721398057493213,0.0,0.0,0.0,0.0,0.3744242991915989,0.3086211707748111,0.0,0.0,1.0,0.33349681877899545,0.0,0.0,0.0,1.0,0.6618075862486463,0.0,0.0,0.0,0.0,0.0,0.6933609615051988,0.3120458911128451,0.43422350020725387,0.0,0.0,0.5336793821405685,0.0,0.7699396420111795,0.0,0.0,0.5332775262994239,0.0,0.0,0.0,0.0
84,CT5Z9,0.2137273089450255,0.42649359177649016,0.4425438543750059,0.4007176204471123,0.24308562464530034,0.4722385589483606,0.4054975928120651,0.0,0.1821202880570038,0.0,0.6782726419440781,0.0,0.519274700857808,0.0,0.3804449663719556,0.6790590610437137,0.0,0.4081783969744284,0.4164968797107407,0.6721398057493213,0.0,0.4585504025039835,0.5106881540333389,0.0,0.5378151942210772,0.6010785950989318,0.0,0.40402598294315584,0.0,0.4501863201201385,0.4798643732484256,0.4913455350449753,0.4970752568622038,0.7188058441423104,0.5425109682836624,0.0,0.3828989714113341,0.0,0.2961115336107552,0.0,0.38624462782318175,0.6912226500263796,0.8161873294388782,0.0,0.42575545040081775,0.5336793821405685,0.5920261519508633,0.6394557730633523,0.4581038752925969,0.0,0.0,0.0,0.0,0.5215713996244821,0.0
85,CT6Z1,0.13418446721101707,0.3247797331283606,0.4059461675284889,0.25635297188093636,0.09360267536600514,0.25114234421224063,0.7936872112114045,0.7663348042071384,0.7513627587346843,0.8615070860748077,0.4003897078523811,0.8284759134614279,0.6981501262635308,0.9923682599442764,0.7729234817085341,0.7322543813722292,0.9782713555855894,0.7396512958847377,0.4164968797107407,0.6721398057493213,0.7069843474109561,0.70365699623295,0.6569759585903938,0.6835517588989408,0.6342762654095172,0.7983334626746614,1.0,0.7989144063628315,0.0,0.4501863201201385,0.154295899716664,0.36612939497019625,0.7060700592445776,0.2313894168798517,0.3852356612206768,1.0,0.6373285963974564,0.7920008056043524,0.7065529150223357,1.0,0.38624462782318175,0.5716606113516972,0.43422350020725387,0.0,0.5600736405752124,0.5336793821405685,0.8742419452557026,0.4920311079189424,0.8665941223204456,0.0,0.5332775262994239,0.8737849121172843,0.8790591292135999,0.6155111892669061,0.8335873056661877
86,CT6Z2,0.27208084035044644,0.435852056586874,0.4286798522988249,0.3611420491497971,0.28855912783249427,0.4427161457390404,0.98811163604173,0.7663348042071384,0.9676746073416976,1.0,0.59048653531861,0.9906024513719964,0.9923565259223932,0.9923682599442764,0.9040295026179338,0.9635825155070924,0.9782713555855894,0.9677403369202796,0.6083019297875242,1.0,0.9706008190382132,0.9468385565618708,0.9721262050736348,1.0,0.9847983072349232,0.9780687877997832,0.9709290059995136,0.942794211397312,0.0,0.7203320372785803,0.5677256722193874,0.9078430533457936,1.0,0.501913996977768,0.8491132138759051,1.0,0.9092749213603276,1.0000000000000002,0.9180935930723082,1.0,0.9083168809685992,0.9032926773227904,0.8161873294388782,0.0,0.9113056466887909,0.5336793821405685,0.9671658274148808,0.4920311079189424,0.9703699358971868,1.0,1.0,0.9791996462790404,1.0,0.9587181136295552,1.0
87,CT6Z3,0.12233004650122949,0.26939998076275545,0.274951625079215,0.20697270554798428,0.10974622574526836,0.2610835550279684,0.7401307897518968,0.7663348042071384,0.7751535101988941,0.8615070860748077,0.59048653531861,0.8449504736647417,0.9276214742747984,0.0,0.4738823837386251,0.7929385317018717,0.0,0.5738866122503656,0.4164968797107407,0.9227137594045369,0.6269620989119139,0.70365699623295,0.8419755243578473,0.8679758614668869,0.7913114230364992,0.7350351879824244,0.0,0.4965652681664754,0.0,0.6059901396271371,0.5677256722193874,0.7114999678972362,0.4970752568622038,0.9104844610500026,0.6618075862486463,0.0,0.7276009691288996,0.8389295619433306,0.634432389568694,0.0,0.6933609615051988,0.821899634681619,1.0,0.0,0.7576107007179407,0.5336793821405685,0.5920261519508633,0.4920311079189424,0.57762279715789,1.0,0.8786602049940826,0.7148416235355517,0.9559140281391526,1.0000000000000002,0.9168301881558234
88,CT6Z4,0.15910862109553678,0.3837824154614544,0.4007092051572253,0.31931827351690556,0.13655304908391067,0.3506998520052428,0.5178336112908686,0.8958549653703942,0.41081772240338776,0.5119298703930664,0.6782726419440781,0.4347321655076556,0.4978089568767414,0.0,0.5373218395267578,0.2858783155146808,0.0,0.4750134096433956,0.6083019297875242,0.0,0.7069843474109561,0.5376348823125965,0.5106881540333389,0.0,0.4285371507672465,0.3831360590451885,0.0,0.40402598294315584,1.0,0.4955196704218486,0.2775376108865744,0.22123361712143125,0.4970752568622038,0.501913996977768,1.0,0.0,0.4624779591891003,0.0,0.471329101391097,0.0,0.5591489208916905,0.4373621287053068,0.6281348274656112,0.0,0.5600736405752124,0.5336793821405685,0.32875681328018025,0.4920311079189424,0.0,0.8912624505747451,0.5332775262994239,0.4822800973705745,0.0,0.3916011528436557,0.0
89,CT6Z5,0.11313300347951627,0.260724803159353,0.26437455734005383,0.20327254092613278,0.08623768031351332,0.22375535467264418,0.4808028937235666,1.0,0.5569510750097049,0.5119298703930664,0.4003897078523811,0.4347321655076556,0.4748320162145512,0.0,0.7232170234318798,0.4219829527189338,0.0,0.5738866122503656,0.7582770771044296,0.0,0.8203796574436283,0.5376348823125965,0.3950115486675549,0.0,0.4285371507672465,0.4727960303582798,0.0,0.4965652681664754,0.0,0.8948378331293024,0.4798643732484256,0.4913455350449753,0.7060700592445776,0.7188058441423104,1.0,0.0,0.4624779591891003,0.5460719120052526,0.634432389568694,0.0,0.0,0.4657836271616805,0.6281348274656112,0.0,0.6666500157759387,0.7936726308206532,0.32875681328018025,0.3139449181142961,0.7242611910460774,0.0,0.5332775262994239,0.6333682881726443,0.0,0.7570198105000773,0.0
90,CT6Z7,0.040572749389064675,0.24068602109796858,0.2410829222826059,0.12644742142267695,0.1062628521418492,0.2560988981454305,0.270804916291761,0.5845646915750777,0.1821202880570038,0.6657016428866374,1.0,0.5835166518936309,0.27060164809916665,0.0,0.5373218395267578,0.0,0.0,0.0,0.0,0.0,0.0,0.0,0.0,0.0,0.0,0.3086211707748111,0.0,0.0,0.0,0.0,0.0,0.36612939497019625,0.0,0.501913996977768,0.0,0.0,0.2764827378286092,0.0,0.2961115336107552,0.0,0.0,0.34552468609473563,0.43422350020725387,0.0,0.3025518991923216,0.0,0.4248983299631958,0.7699396420111795,0.0,0.8912624505747451,0.7315741961238946,0.4822800973705745,0.0,0.0,0.0
91,CT6Z8,0.05415160795925078,0.21638187725869745,0.2082454611850916,0.15319952049298372,0.08219370787830867,0.20841998419911248,0.453117665934764,0.0,0.278303801041661,0.0,0.4003897078523811,0.0,0.3929511146179824,0.0,0.4738823837386251,0.0,0.0,0.3137299575592717,0.4164968797107407,0.6721398057493213,0.5080108692258151,0.0,0.0,0.0,0.3744242991915989,0.0,0.0,0.3267312574868675,1.0,0.33349681877899545,0.0,0.22123361712143125,0.4970752568622038,0.501913996977768,0.7616392520099136,0.0,0.3828989714113341,0.0,0.0,0.0,0.6933609615051988,0.3774058779113504,0.6281348274656112,0.0,0.3025518991923216,0.5336793821405685,0.0,0.6394557730633523,0.0,0.0,0.5332775262994239,0.4822800973705745,0.0,0.0,0.0
92,CT6Z9,0.0419788699324018,0.17407544589309915,0.16644793778033887,0.11513001089306865,0.061225930744356685,0.17838398310042175,0.4223277481340945,0.0,0.1821202880570038,0.0,0.6782726419440781,0.0,0.519274700857808,0.0,0.3804449663719556,0.6790590610437137,0.0,0.4081783969744284,0.4164968797107407,0.6721398057493213,0.0,0.5376348823125965,0.3950115486675549,0.0,0.5378151942210772,0.6010785950989318,0.0,0.40402598294315584,0.0,0.4501863201201385,0.4798643732484256,0.6052804004290584,0.4970752568622038,0.7188058441423104,0.5425109682836624,0.0,0.4624779591891003,0.0,0.2961115336107552,0.0,0.38624462782318175,0.6682112170217188,0.8161873294388782,0.0,0.4750158067309167,0.5336793821405685,0.5920261519508633,0.7699396420111795,0.4581038752925969,0.0,0.0,0.0,0.0,0.5215713996244821,0.0
93,CT7Z1,0.051689608460073026,0.18714334411871003,0.18535677249134977,0.12915504720446525,0.08492355073450317,0.19439467269566438,0.7835977544644416,0.7663348042071384,0.7442318511062028,0.8615070860748077,0.4003897078523811,0.8284759134614279,0.6981501262635308,0.9874840050380286,0.7490762739886335,0.7322543813722292,0.9782713555855894,0.7396512958847377,0.4164968797107407,0.6721398057493213,0.7069843474109561,0.70365699623295,0.6569759585903938,0.6835517588989408,0.6131480826315103,0.7886600273483712,1.0,0.7989144063628315,0.0,0.4501863201201385,0.154295899716664,0.36612939497019625,0.7060700592445776,0.2313894168798517,0.3852356612206768,1.0,0.6373285963974564,0.7920008056043524,0.7065529150223357,1.0,0.38624462782318175,0.5716606113516972,0.43422350020725387,0.0,0.5600736405752124,0.5336793821405685,0.8742419452557026,0.4920311079189424,0.8665941223204456,0.0,0.5332775262994239,0.8568055616826337,0.8790591292135999,0.6155111892669061,0.8335873056661877
94,CT7Z10,0.07270754606830936,0.42307007405948305,0.4639887227711262,0.2032840860292576,0.06736889166330277,0.31682064852805164,0.0,0.5845646915750777,0.3308361507257659,0.5119298703930664,0.2940704090796349,0.0,0.0,0.0,0.4738823837386251,0.0,0.0,0.0,0.6083019297875242,0.0,0.0,0.0,0.0,0.0,0.0,0.3086211707748111,0.0,0.0,0.0,0.0,0.154295899716664,0.22123361712143125,0.0,0.2313894168798517,0.3852356612206768,0.0,0.0,0.5460719120052526,0.0,0.0,0.0,0.23863005486476255,0.43422350020725387,0.0,0.3695876815289153,0.5336793821405685,0.0,0.0,0.0,0.0,0.5332775262994239,0.0,0.0,0.0,0.0
95,CT7Z3,0.08049878223674213,0.24862391090578675,0.2585965701770794,0.1752178013408609,0.08001960406558516,0.24462839623234653,0.7515075306574968,0.5845646915750777,0.8181208697509393,0.8615070860748077,0.4983336731541304,0.9022589851581736,0.8353336174793876,0.0,0.5867876786826429,0.8694389147219894,0.0,0.6818456255519656,0.8862459753149625,1.0,0.5080108692258151,0.7467436672276488,0.9113867285930805,0.9212017940733644,0.8802005577768031,0.7576553875715593,0.0,0.5844336684384599,0.0,0.8140193958496109,0.8691187232990785,0.6052804004290584,0.4970752568622038,0.8170459762141051,0.5425109682836624,0.0,0.7680834281827942,0.8389295619433306,0.672604189315778,0.0,0.5591489208916905,0.7796113883064152,0.8161873294388782,0.0,0.7854573083167586,0.5336793821405685,0.5920261519508633,0.3139449181142961,0.57762279715789,1.0,0.8786602049940826,0.7969523080651371,0.9559140281391526,0.9145270021478908,0.9168301881558234
96,CT7Z4,0.14210192020687193,0.7638213082881187,0.8122380823342608,0.39223519139604685,0.19310098145011023,0.8066475423763204,0.7035785143173054,0.5845646915750777,0.7685316333544602,0.6657016428866374,0.4983336731541304,0.8449504736647417,0.8148890544484648,0.0,0.5867876786826429,0.8200568947299379,0.0,0.6493496996999903,0.8862459753149625,1.0,0.5080108692258151,0.7467436672276488,0.9113867285930805,0.9212017940733644,0.8701531068453021,0.7104897656255605,0.0,0.5589418876409015,0.0,0.8140193958496109,1.0,0.4913455350449753,0.4970752568622038,0.7188058441423104,0.5425109682836624,0.0,0.7276009691288996,0.7347424851649407,0.672604189315778,0.0,0.5591489208916905,0.7138449861875106,0.8161873294388782,0.0,0.7576107007179407,0.7936726308206532,0.5920261519508633,0.3139449181142961,0.4581038752925969,1.0,0.8786602049940826,0.7458450724212278,0.9559140281391526,0.9145270021478908,0.9168301881558234
97,CT7Z5,0.07514398444817341,0.22095807421556093,0.23574537265914527,0.1582405565066471,0.05954305274954787,0.19829849835962424,0.453117665934764,1.0,0.5635553783087722,0.5119298703930664,0.4003897078523811,0.4347321655076556,0.4748320162145512,0.0,0.7232170234318798,0.5362284509183395,0.0,0.5738866122503656,0.6083019297875242,0.0,0.8203796574436283,0.5376348823125965,0.3950115486675549,0.0,0.4711414174396105,0.5334695967529179,0.0,0.5300796574035556,0.0,0.9317166730385956,0.4798643732484256,0.6052804004290584,0.7060700592445776,0.7188058441423104,0.8491132138759051,0.0,0.4624779591891003,0.5460719120052526,0.6541256667158261,0.0,0.0,0.4657836271616805,0.6281348274656112,0.0,0.6666500157759387,0.7936726308206532,0.32875681328018025,0.3139449181142961,0.7242611910460774,0.0,0.5332775262994239,0.6333682881726443,0.0,0.7570198105000773,0.0
98,CT7Z7,0.06868314945638809,0.27308262156420476,0.27903875574677645,0.20207072630671324,0.10095053577343437,0.2745931240362302,0.270804916291761,0.5845646915750777,0.1821202880570038,0.6657016428866374,1.0,0.5835166518936309,0.27060164809916665,0.0,0.5373218395267578,0.0,0.0,0.0,0.0,0.0,0.0,0.0,0.0,0.0,0.0,0.3086211707748111,0.0,0.0,0.0,0.0,0.0,0.36612939497019625,0.0,0.7188058441423104,0.0,0.0,0.2764827378286092,0.0,0.2961115336107552,0.0,0.38624462782318175,0.40795306613654203,0.43422350020725387,0.0,0.3025518991923216,0.0,0.4248983299631958,0.7699396420111795,0.0,0.8912624505747451,0.7315741961238946,0.4822800973705745,0.0,0.0,0.0
99,CT7Z8,0.06550046145149253,0.2734444272302507,0.2659612241337105,0.18603390858193505,0.09199478682060935,0.2661539675698733,0.453117665934764,0.0,0.278303801041661,0.0,0.4003897078523811,0.0,0.3929511146179824,0.0,0.4738823837386251,0.0,0.0,0.3137299575592717,0.4164968797107407,0.6721398057493213,0.5080108692258151,0.0,0.0,0.0,0.3744242991915989,0.0,0.0,0.3267312574868675,1.0,0.33349681877899545,0.0,0.22123361712143125,0.4970752568622038,0.501913996977768,0.7616392520099136,0.0,0.3828989714113341,0.0,0.0,0.0,0.6933609615051988,0.3774058779113504,0.6281348274656112,0.0,0.3025518991923216,0.5336793821405685,0.0,0.6394557730633523,0.0,0.0,0.5332775262994239,0.4822800973705745,0.0,0.0,0.0
100,CT7Z9,0.22557000511033165,0.4706649797961092,0.503299874368321,0.4073837976284067,0.21050534247095323,0.4370034483749212,0.3472502070814369,0.0,0.1821202880570038,0.0,0.7625862357262301,0.0,0.4500260745431408,0.0,0.3804449663719556,0.6383463006419712,0.0,0.4081783969744284,0.4164968797107407,0.6721398057493213,0.0,0.3480584601620929,0.5106881540333389,0.0,0.5068255555947795,0.5806793090219367,0.0,0.40402598294315584,0.0,0.33349681877899545,0.4798643732484256,0.4913455350449753,0.4970752568622038,0.7188058441423104,0.3852356612206768,0.0,0.3828989714113341,0.0,0.2961115336107552,0.0,0.38624462782318175,0.6447829540683743,0.6281348274656112,0.0,0.42575545040081775,0.5336793821405685,0.5920261519508633,0.6394557730633523,0.4581038752925969,0.0,0.0,0.0,0.0,0.5215713996244821,0.0
101,CT8Z1,0.0694675841861912,0.25308336120384156,0.2521912386955262,0.17475851556575236,0.1138490281004229,0.27163352631232557,0.8532785386813724,0.7663348042071384,0.8483951410584067,0.9352981725663936,0.59048653531861,0.9148985720073296,0.8833373660929404,0.9766291862614556,0.7950949264651818,0.8200568947299379,0.9782713555855894,0.8136425830485094,0.4164968797107407,0.9227137594045369,0.7069843474109561,0.8224871320585159,0.7118626424434644,0.9212017940733644,0.7064192395604407,0.8343049971151887,1.0,0.8294046145360903,0.0,0.5358228536888652,0.2775376108865744,0.4913455350449753,0.7060700592445776,0.3772902888058338,0.3852356612206768,1.0,0.7276009691288996,0.7920008056043524,0.7653908955184259,1.0,0.8073449164216242,0.7138449861875106,0.6281348274656112,0.0,0.6666500157759387,0.5336793821405685,0.9135623276643686,0.4920311079189424,0.904172607803522,0.0,0.8786602049940826,0.9045481833423654,0.9559140281391526,0.6155111892669061,0.9168301881558234
102,CT8Z2,0.21289144304631383,0.5322269809025231,0.5811653552995509,0.4083392396501208,0.15887989274937878,0.49790596989959407,0.963255893691824,0.7663348042071384,0.9444142432954126,1.0,0.6782726419440781,0.9906024513719964,0.9444517496644419,0.9766291862614556,0.8353752352642074,0.944275485002104,0.9782713555855894,0.9153647138906464,0.6083019297875242,1.0,0.8203796574436283,0.918309822597582,0.9721262050736348,1.0,0.918050174505192,0.9425666475442339,0.9709290059995136,0.8744674388236576,0.0,0.6665192279073766,0.38414049092067815,0.8119500925564354,0.8657513250608071,0.6144618545247549,0.5425109682836624,0.9781617597333156,0.9092749213603276,0.9739361704656916,0.8493265372544603,1.0,0.9083168809685992,0.9425891423527876,0.8161873294388782,0.0,0.8382143027554928,0.5336793821405685,0.8742419452557026,0.4920311079189424,0.904172607803522,1.0,1.0,0.918604910419872,1.0,0.9145270021478908,0.9654902752576572
103,CT8Z3,0.12287721028854047,0.37953271269371525,0.42109956452809577,0.2868837322824092,0.09656834937071905,0.35357062983104715,0.7784453653403659,0.5845646915750777,0.8238308090631173,0.8615070860748077,0.59048653531861,0.9022589851581736,0.8353336174793876,0.0,0.6948886616994506,0.8454765933104879,0.0,0.7117953678772451,0.9999999999999998,1.0,0.5080108692258151,0.70365699623295,0.9426707400973812,0.9212017940733644,0.8802005577768031,0.7983334626746614,0.0,0.6282448864793393,0.0,0.8755891304469771,0.8691187232990785,0.4913455350449753,0.4970752568622038,0.8170459762141051,0.5425109682836624,0.0,0.8061683877031055,0.7920008056043524,0.7516152891167217,0.0,0.5591489208916905,0.821899634681619,0.8161873294388782,0.0,0.8122915600444544,0.7936726308206532,0.546436384539879,0.3139449181142961,0.57762279715789,1.0,0.8786602049940826,0.8186778959847947,0.9559140281391526,0.8668146041212227,0.9168301881558234
104,CT8Z4,,1.0,0.0,,,,0.4673039256611716,1.0,0.5944863254455346,0.5119298703930664,0.4003897078523811,0.4347321655076556,0.4978089568767414,0.0,0.6948886616994506,0.4663248616310714,0.0,0.5738866122503656,0.6083019297875242,0.0,0.8645807454414274,0.70365699623295,0.5920688257597423,0.0,0.5068255555947795,0.5053732850824904,0.0,0.5300796574035556,0.0,0.8948378331293024,0.4798643732484256,0.6052804004290584,0.7060700592445776,0.8170459762141051,1.0,0.0,0.5284696059945277,0.5460719120052526,0.6541256667158261,0.0,0.0,0.5201164951744307,0.6281348274656112,0.0,0.7286309120562146,0.7936726308206532,0.32875681328018025,0.3139449181142961,0.7242611910460774,0.0,0.5332775262994239,0.6333682881726443,0.0,0.8147282023532834,0.0
105,CT8Z5,0.08754733916931032,0.30203772086852787,0.32415822328600497,0.21073455075977537,0.09718675368971941,0.2898580225849321,0.453117665934764,1.0,0.5825060747653775,0.5119298703930664,0.4003897078523811,0.4347321655076556,0.4748320162145512,0.0,0.7232170234318798,0.5362284509183395,0.0,0.5738866122503656,0.6083019297875242,0.0,0.8203796574436283,0.5376348823125965,0.3950115486675549,0.0,0.4711414174396105,0.5334695967529179,0.0,0.5300796574035556,0.0,0.9317166730385956,0.4798643732484256,0.6052804004290584,0.7060700592445776,0.7188058441423104,0.8491132138759051,0.0,0.4624779591891003,0.5460719120052526,0.6541256667158261,0.0,0.0,0.4373621287053068,0.6281348274656112,0.0,0.6666500157759387,0.7936726308206532,0.32875681328018025,0.3139449181142961,0.7242611910460774,0.0,0.5332775262994239,0.6333682881726443,0.0,0.7570198105000773,0.0
106,CT8Z7,0.07962690557498393,0.28131011780484194,0.32299744018825766,0.20801245626137924,0.06366536932443682,0.24391324666253503,0.3243814529539799,0.5845646915750777,0.1821202880570038,0.6657016428866374,0.9230644248980071,0.5835166518936309,0.27060164809916665,0.0,0.5373218395267578,0.3660693752509073,0.0,0.0,0.0,0.0,0.0,0.0,0.0,0.0,0.0,0.3086211707748111,0.0,0.0,0.0,0.0,0.154295899716664,0.4913455350449753,0.0,1.0,0.3852356612206768,0.0,0.3828989714113341,0.0,0.2961115336107552,0.0,0.5591489208916905,0.5462026276294263,0.43422350020725387,0.0,0.3025518991923216,0.0,0.4248983299631958,1.0,0.0,0.8912624505747451,0.5332775262994239,0.0,0.0,0.0,0.0
107,CT8Z8,0.14026161544534652,0.3530290888377253,0.31997883962900125,0.2734952961274559,0.12676640737775896,0.32120953346036635,0.453117665934764,0.0,0.2971336705494215,0.0,0.59048653531861,0.0,0.4229484045891912,0.0,0.4738823837386251,0.0,0.0,0.4081783969744284,0.4164968797107407,0.6721398057493213,0.5080108692258151,0.0,0.0,0.0,0.3744242991915989,0.3086211707748111,0.0,0.45612692218784495,1.0,0.3976344274097642,0.0,0.22123361712143125,0.4970752568622038,0.501913996977768,0.9278526496321108,0.0,0.3828989714113341,0.0,0.0,0.0,0.5591489208916905,0.3774058779113504,0.6281348274656112,0.0,0.3025518991923216,0.5336793821405685,0.0,0.6394557730633523,0.0,0.8912624505747451,0.5332775262994239,0.4822800973705745,0.0,0.0,0.0
108,CT8Z9,0.2112184000907951,0.42966895321552123,0.4346615132506837,0.3800785212793855,0.2254952397930245,0.4112873112222256,0.3243814529539799,0.0,0.1821202880570038,0.0,0.7625862357262301,0.0,0.4229484045891912,0.0,0.3804449663719556,0.5916650502055166,0.0,0.4750134096433956,0.4164968797107407,0.6721398057493213,0.0,0.3480584601620929,0.5106881540333389,0.0,0.4285371507672465,0.5053732850824904,0.0,0.3267312574868675,0.0,0.3976344274097642,0.4798643732484256,0.4913455350449753,0.7060700592445776,0.6144618545247549,0.3852356612206768,0.0,0.0,0.0,0.0,0.0,0.38624462782318175,0.6209064819009514,0.6281348274656112,0.0,0.42575545040081775,0.5336793821405685,0.4248983299631958,0.6394557730633523,0.4581038752925969,0.0,0.5332775262994239,0.0,0.0,0.6155111892669061,0.0
109,CT9Z2,0.27413106649029034,0.3220293879022054,0.31987221312583547,0.31292379738589926,0.2952223485811459,0.32519768375864344,0.963255893691824,0.7663348042071384,0.9444142432954126,1.0,0.6782726419440781,0.9906024513719964,0.9444517496644419,0.9766291862614556,0.8353752352642074,0.944275485002104,0.9782713555855894,0.9153647138906464,0.6083019297875242,1.0,0.8203796574436283,0.918309822597582,0.9721262050736348,1.0,0.918050174505192,0.9425666475442339,0.9709290059995136,0.8744674388236576,0.0,0.6665192279073766,0.38414049092067815,0.8119500925564354,0.8657513250608071,0.6144618545247549,0.5425109682836624,0.9781617597333156,0.9092749213603276,0.9739361704656916,0.8493265372544603,1.0,0.9083168809685992,0.9425891423527876,0.8161873294388782,0.0,0.8382143027554928,0.5336793821405685,0.8742419452557026,0.4920311079189424,0.904172607803522,1.0,1.0,0.918604910419872,1.0,0.9145270021478908,0.9654902752576572
110,CT9Z3,0.13019020612778842,0.2284425258249343,0.24256256692599024,0.17197161572743966,0.07244613536360363,0.19618058612714756,0.8447076162509962,0.8958549653703942,0.9259263943001363,0.9352981725663936,0.4983336731541304,0.9605120186327176,0.9360950114724359,0.0,0.7232170234318798,0.8921346808970494,0.0,0.7657491330510203,0.8862459753149625,0.9227137594045369,0.7069843474109561,0.8224871320585159,0.9721262050736348,0.9640070359617317,0.8900002678978067,0.8588806561423478,0.0,0.7266144436706927,0.0,0.9317166730385956,0.7995093638496086,0.7114999678972362,0.8657513250608071,0.8170459762141051,0.3852356612206768,0.9365838054292772,0.7680834281827942,0.9141095676731372,0.7372609574909066,0.0,0.5591489208916905,0.9230489649967508,0.6281348274656112,0.0,0.8876536174882368,0.7936726308206532,0.5920261519508633,0.4920311079189424,0.57762279715789,1.0,1.0,0.918604910419872,0.9559140281391526,0.9587181136295552,0.9654902752576572
111,CT9Z4,0.11994074707717672,0.7067548243626859,0.7736546049225979,0.3472841070201265,0.1517471930327225,0.6654346844795371,0.7035785143173054,1.0,0.7478170206302162,0.7744642007875968,0.4003897078523811,0.8108828286549162,0.7936222118399537,0.0,0.7490762739886335,0.8067275907503261,0.0,0.6493496996999903,0.7582770771044296,0.8224617289093549,0.7069843474109561,0.70365699623295,0.8779590821058159,0.8679758614668869,0.8383577567050473,0.7786731734821418,0.0,0.6977293584909142,0.0,0.9494243573303094,0.7995093638496086,0.8119500925564354,0.8657513250608071,0.6144618545247549,0.9278526496321108,0.0,0.7680834281827942,0.7347424851649407,0.672604189315778,0.0,0.38624462782318175,0.6209064819009514,0.6281348274656112,0.0,0.8876536174882368,1.0,0.5920261519508633,0.3139449181142961,0.7242611910460774,1.0,0.8786602049940826,0.7458450724212278,0.9559140281391526,0.9145270021478908,0.8335873056661877
112,CT9Z7,0.034450661113543266,0.17315686442662143,0.1982810629764651,0.12135438405460926,0.058719023912929685,0.16369236785278263,0.270804916291761,0.5845646915750777,0.1821202880570038,0.5119298703930664,0.9230644248980071,0.5835166518936309,0.27060164809916665,0.0,0.5373218395267578,0.3660693752509073,0.0,0.0,0.0,0.0,0.0,0.0,0.0,0.6835517588989408,0.0,0.3086211707748111,0.0,0.0,0.0,0.0,0.0,0.36612939497019625,0.0,0.9104844610500026,0.0,0.0,0.2764827378286092,0.0,0.2961115336107552,0.0,0.0,0.4657836271616805,0.43422350020725387,0.0,0.3025518991923216,0.0,0.4248983299631958,0.8891186705673397,0.0,0.8912624505747451,0.5332775262994239,0.0,0.0,0.0,0.0
113,CT9Z8,0.18245664269248685,0.406355726248625,0.4011524910297472,0.3229833139297719,0.17830988824796115,0.38563403299775495,0.4808028937235666,0.7663348042071384,0.278303801041661,0.0,0.59048653531861,0.0,0.4500260745431408,0.0,0.5373218395267578,0.0,0.0,0.4081783969744284,0.4164968797107407,0.6721398057493213,0.5080108692258151,0.3480584601620929,0.0,0.0,0.3744242991915989,0.3086211707748111,0.0,0.40402598294315584,1.0,0.4501863201201385,0.154295899716664,0.22123361712143125,0.4970752568622038,0.3772902888058338,0.8491132138759051,0.0,0.3828989714113341,0.0,0.0,0.0,0.5591489208916905,0.4373621287053068,0.8161873294388782,0.0,0.3695876815289153,0.5336793821405685,0.32875681328018025,0.6394557730633523,0.0,0.0,0.0,0.4822800973705745,0.0,0.0,0.0
114,CT9Z9,0.18865353565444634,0.4544964947413255,0.4562391186925974,0.4000388282358298,0.2280971898926339,0.45673324262762854,0.4054975928120651,0.0,0.1821202880570038,0.0,0.7625862357262301,0.0,0.5394661735339246,0.0,0.3804449663719556,0.6593308340759279,0.0,0.4081783969744284,0.4164968797107407,0.6721398057493213,0.0,0.5376348823125965,0.5106881540333389,0.0,0.5378151942210772,0.6010785950989318,0.0,0.40402598294315584,0.0,0.4501863201201385,0.4798643732484256,0.4913455350449753,0.4970752568622038,0.7188058441423104,0.3852356612206768,0.0,0.3828989714113341,0.0,0.2961115336107552,0.0,0.38624462782318175,0.6447829540683743,0.6281348274656112,0.0,0.42575545040081775,0.5336793821405685,0.5920261519508633,0.6394557730633523,0.4581038752925969,0.0,0.0,0.0,0.0,0.5215713996244821,0.0
115,urn:ngsi-ld:TrafficFlowObserved:porto:traffic:VolumLight:0_1,0.02027378223705409,0.13324923075660347,0.12863245445343538,0.0637348700330997,0.04618290319564253,0.12446204920895092,,,,,,,,,,,,,,,,,,,,,,,,,,,,,,,,,,,,,,,,,,,,,,,,,
116,urn:ngsi-ld:TrafficFlowObserved:porto:traffic:VolumLight:0_2,0.02784870956603318,0.14375069665883747,0.15735893411774676,0.08358412648346815,0.05987500102154564,0.13643873161859182,,,,,,,,,,,,,,,,,,,,,,,,,,,,,,,,,,,,,,,,,,,,,,,,,
117,urn:ngsi-ld:TrafficFlowObserved:porto:traffic:VolumLight:0_3,0.016931270868535735,0.09434678686656792,0.09917115043847746,0.05650119674694876,0.04312828199366943,0.09030118018660664,,,,,,,,,,,,,,,,,,,,,,,,,,,,,,,,,,,,,,,,,,,,,,,,,
118,urn:ngsi-ld:TrafficFlowObserved:porto:traffic:VolumLight:0_4,0.02434146170286727,0.11976487911383726,0.11795244470303894,0.06533525060010455,0.05393360528754985,0.11285190195050754,,,,,,,,,,,,,,,,,,,,,,,,,,,,,,,,,,,,,,,,,,,,,,,,,
119,urn:ngsi-ld:TrafficFlowObserved:porto:traffic:VolumLight:0_5,0.028376172721137887,0.17980672012326945,0.17978218101732726,0.07463542705841869,0.08775782051344157,0.1689591803846082,,,,,,,,,,,,,,,,,,,,,,,,,,,,,,,,,,,,,,,,,,,,,,,,,
120,urn:ngsi-ld:TrafficFlowObserved:porto:traffic:VolumLight:0_6,0.1484190681104661,0.30151507286976875,0.29561631926312837,0.2144548340192682,0.18421790935408225,0.2863079972970067,,,,,,,,,,,,,,,,,,,,,,,,,,,,,,,,,,,,,,,,,,,,,,,,,
